socio1._.In which country do you work?,"socio5quk[SQ001]._.How would you describe your ethnic origin?  This refers to people who share the same cultural background and identity, not country of birth or nationality. [White: English / Welsh / Scottish / Northern Irish / British]","socio5quk[SQ002]._.How would you describe your ethnic origin?  This refers to people who share the same cultural background and identity, not country of birth or nationality. [White: Irish]","socio5quk[SQ003]._.How would you describe your ethnic origin?  This refers to people who share the same cultural background and identity, not country of birth or nationality. [White: Gypsy or Irish Traveller]","socio5quk[SQ004]._.How would you describe your ethnic origin?  This refers to people who share the same cultural background and identity, not country of birth or nationality. [White: Any other White background]","socio5quk[SQ005]._.How would you describe your ethnic origin?  This refers to people who share the same cultural background and identity, not country of birth or nationality. [Mixed / Multiple Ethnic groups: White and Black Caribbean]","socio5quk[SQ006]._.How would you describe your ethnic origin?  This refers to people who share the same cultural background and identity, not country of birth or nationality. [Mixed / Multiple Ethnic groups: White and Black African]","socio5quk[SQ007]._.How would you describe your ethnic origin?  This refers to people who share the same cultural background and identity, not country of birth or nationality. [Mixed / Multiple Ethnic groups: White and Asian]","socio5quk[SQ008]._.How would you describe your ethnic origin?  This refers to people who share the same cultural background and identity, not country of birth or nationality. [Mixed / Multiple Ethnic groups: Any other Mixed / Multiple ethnic background,]","socio5quk[SQ009]._.How would you describe your ethnic origin?  This refers to people who share the same cultural background and identity, not country of birth or nationality. [Asian / Asian British: Indian]","socio5quk[SQ010]._.How would you describe your ethnic origin?  This refers to people who share the same cultural background and identity, not country of birth or nationality. [Asian / Asian British: Pakistani]","socio5quk[SQ011]._.How would you describe your ethnic origin?  This refers to people who share the same cultural background and identity, not country of birth or nationality. [Asian / Asian British: Bangladeshi]","socio5quk[SQ012]._.How would you describe your ethnic origin?  This refers to people who share the same cultural background and identity, not country of birth or nationality. [Asian / Asian British: Chinese]","socio5quk[SQ013]._.How would you describe your ethnic origin?  This refers to people who share the same cultural background and identity, not country of birth or nationality. [Asian / Asian British: Any other Asian background]","socio5quk[SQ014]._.How would you describe your ethnic origin?  This refers to people who share the same cultural background and identity, not country of birth or nationality. [Black / African / Caribbean / Black British:  African]","socio5quk[SQ015]._.How would you describe your ethnic origin?  This refers to people who share the same cultural background and identity, not country of birth or nationality. [Black / African / Caribbean / Black British: Caribbean]","socio5quk[SQ016]._.How would you describe your ethnic origin?  This refers to people who share the same cultural background and identity, not country of birth or nationality. [Black / African / Caribbean / Black British: Any other Black / African / Caribbean background]","socio5quk[SQ017]._.How would you describe your ethnic origin?  This refers to people who share the same cultural background and identity, not country of birth or nationality. [Other Ethnic group: Arab]","socio5quk[SQ018]._.How would you describe your ethnic origin?  This refers to people who share the same cultural background and identity, not country of birth or nationality. [Other Ethnic group: Any other ethnic group]","socio5quk[SQ019]._.How would you describe your ethnic origin?  This refers to people who share the same cultural background and identity, not country of birth or nationality. [Do not wish to declare]","socio5quk[other]._.How would you describe your ethnic origin?  This refers to people who share the same cultural background and identity, not country of birth or nationality. [Other]","socio5qus[SQ001]._.How would you describe your ethnic origin?  This refers to people who share the same cultural background and identity, not country of birth or nationality. [White]","socio5qus[SQ002]._.How would you describe your ethnic origin?  This refers to people who share the same cultural background and identity, not country of birth or nationality. [Black or African American]","socio5qus[SQ003]._.How would you describe your ethnic origin?  This refers to people who share the same cultural background and identity, not country of birth or nationality. [Asian]","socio5qus[SQ004]._.How would you describe your ethnic origin?  This refers to people who share the same cultural background and identity, not country of birth or nationality. [American Indian and Alaska Native]","socio5qus[SQ005]._.How would you describe your ethnic origin?  This refers to people who share the same cultural background and identity, not country of birth or nationality. [Native Hawaiian and Other Pacific Islander]","socio5qus[SQ006]._.How would you describe your ethnic origin?  This refers to people who share the same cultural background and identity, not country of birth or nationality. [Some other race]","socio5qus[SQ007]._.How would you describe your ethnic origin?  This refers to people who share the same cultural background and identity, not country of birth or nationality. [Do not wish to answer]","socio5qus[SQ008]._.How would you describe your ethnic origin?  This refers to people who share the same cultural background and identity, not country of birth or nationality. []","socio5qus[other]._.How would you describe your ethnic origin?  This refers to people who share the same cultural background and identity, not country of birth or nationality. [Other]",socio5usqus._.Do you consider yourself Hispanic or Latino
Australia,,,,,,,,,,,,,,,,,,,,,,,,,,,,,,
Australia,,,,,,,,,,,,,,,,,,,,,,,,,,,,,,
Australia,,,,,,,,,,,,,,,,,,,,,,,,,,,,,,
Australia,,,,,,,,,,,,,,,,,,,,,,,,,,,,,,
Australia,,,,,,,,,,,,,,,,,,,,,,,,,,,,,,
Australia,,,,,,,,,,,,,,,,,,,,,,,,,,,,,,
Australia,,,,,,,,,,,,,,,,,,,,,,,,,,,,,,
Australia,,,,,,,,,,,,,,,,,,,,,,,,,,,,,,
Australia,,,,,,,,,,,,,,,,,,,,,,,,,,,,,,
Australia,,,,,,,,,,,,,,,,,,,,,,,,,,,,,,
Australia,,,,,,,,,,,,,,,,,,,,,,,,,,,,,,
Australia,,,,,,,,,,,,,,,,,,,,,,,,,,,,,,
Australia,,,,,,,,,,,,,,,,,,,,,,,,,,,,,,
Australia,,,,,,,,,,,,,,,,,,,,,,,,,,,,,,
Australia,,,,,,,,,,,,,,,,,,,,,,,,,,,,,,
Australia,,,,,,,,,,,,,,,,,,,,,,,,,,,,,,
Australia,,,,,,,,,,,,,,,,,,,,,,,,,,,,,,
Australia,,,,,,,,,,,,,,,,,,,,,,,,,,,,,,
Australia,,,,,,,,,,,,,,,,,,,,,,,,,,,,,,
Australia,,,,,,,,,,,,,,,,,,,,,,,,,,,,,,
Australia,,,,,,,,,,,,,,,,,,,,,,,,,,,,,,
Australia,,,,,,,,,,,,,,,,,,,,,,,,,,,,,,
Australia,,,,,,,,,,,,,,,,,,,,,,,,,,,,,,
Australia,,,,,,,,,,,,,,,,,,,,,,,,,,,,,,
Australia,,,,,,,,,,,,,,,,,,,,,,,,,,,,,,
Australia,,,,,,,,,,,,,,,,,,,,,,,,,,,,,,
Australia,,,,,,,,,,,,,,,,,,,,,,,,,,,,,,
Australia,,,,,,,,,,,,,,,,,,,,,,,,,,,,,,
Australia,,,,,,,,,,,,,,,,,,,,,,,,,,,,,,
Australia,,,,,,,,,,,,,,,,,,,,,,,,,,,,,,
Australia,,,,,,,,,,,,,,,,,,,,,,,,,,,,,,
Australia,,,,,,,,,,,,,,,,,,,,,,,,,,,,,,
Australia,,,,,,,,,,,,,,,,,,,,,,,,,,,,,,
Australia,,,,,,,,,,,,,,,,,,,,,,,,,,,,,,
Australia,,,,,,,,,,,,,,,,,,,,,,,,,,,,,,
Australia,,,,,,,,,,,,,,,,,,,,,,,,,,,,,,
Australia,,,,,,,,,,,,,,,,,,,,,,,,,,,,,,
Australia,,,,,,,,,,,,,,,,,,,,,,,,,,,,,,
Australia,,,,,,,,,,,,,,,,,,,,,,,,,,,,,,
Australia,,,,,,,,,,,,,,,,,,,,,,,,,,,,,,
Australia,,,,,,,,,,,,,,,,,,,,,,,,,,,,,,
Australia,,,,,,,,,,,,,,,,,,,,,,,,,,,,,,
Australia,,,,,,,,,,,,,,,,,,,,,,,,,,,,,,
Australia,,,,,,,,,,,,,,,,,,,,,,,,,,,,,,
Australia,,,,,,,,,,,,,,,,,,,,,,,,,,,,,,
Australia,,,,,,,,,,,,,,,,,,,,,,,,,,,,,,
Australia,,,,,,,,,,,,,,,,,,,,,,,,,,,,,,
Australia,,,,,,,,,,,,,,,,,,,,,,,,,,,,,,
Australia,,,,,,,,,,,,,,,,,,,,,,,,,,,,,,
Australia,,,,,,,,,,,,,,,,,,,,,,,,,,,,,,
Australia,,,,,,,,,,,,,,,,,,,,,,,,,,,,,,
Australia,,,,,,,,,,,,,,,,,,,,,,,,,,,,,,
Australia,,,,,,,,,,,,,,,,,,,,,,,,,,,,,,
Australia,,,,,,,,,,,,,,,,,,,,,,,,,,,,,,
Australia,,,,,,,,,,,,,,,,,,,,,,,,,,,,,,
Australia,,,,,,,,,,,,,,,,,,,,,,,,,,,,,,
Australia,,,,,,,,,,,,,,,,,,,,,,,,,,,,,,
Australia,,,,,,,,,,,,,,,,,,,,,,,,,,,,,,
Australia,,,,,,,,,,,,,,,,,,,,,,,,,,,,,,
Australia,,,,,,,,,,,,,,,,,,,,,,,,,,,,,,
Australia,,,,,,,,,,,,,,,,,,,,,,,,,,,,,,
Australia,,,,,,,,,,,,,,,,,,,,,,,,,,,,,,
Australia,,,,,,,,,,,,,,,,,,,,,,,,,,,,,,
Australia,,,,,,,,,,,,,,,,,,,,,,,,,,,,,,
Australia,,,,,,,,,,,,,,,,,,,,,,,,,,,,,,
Australia,,,,,,,,,,,,,,,,,,,,,,,,,,,,,,
Australia,,,,,,,,,,,,,,,,,,,,,,,,,,,,,,
Australia,,,,,,,,,,,,,,,,,,,,,,,,,,,,,,
Australia,,,,,,,,,,,,,,,,,,,,,,,,,,,,,,
Australia,,,,,,,,,,,,,,,,,,,,,,,,,,,,,,
Australia,,,,,,,,,,,,,,,,,,,,,,,,,,,,,,
Australia,,,,,,,,,,,,,,,,,,,,,,,,,,,,,,
Australia,,,,,,,,,,,,,,,,,,,,,,,,,,,,,,
Australia,,,,,,,,,,,,,,,,,,,,,,,,,,,,,,
Australia,,,,,,,,,,,,,,,,,,,,,,,,,,,,,,
Australia,,,,,,,,,,,,,,,,,,,,,,,,,,,,,,
Australia,,,,,,,,,,,,,,,,,,,,,,,,,,,,,,
Australia,,,,,,,,,,,,,,,,,,,,,,,,,,,,,,
Australia,,,,,,,,,,,,,,,,,,,,,,,,,,,,,,
Australia,,,,,,,,,,,,,,,,,,,,,,,,,,,,,,
Australia,,,,,,,,,,,,,,,,,,,,,,,,,,,,,,
Australia,,,,,,,,,,,,,,,,,,,,,,,,,,,,,,
Australia,,,,,,,,,,,,,,,,,,,,,,,,,,,,,,
Australia,,,,,,,,,,,,,,,,,,,,,,,,,,,,,,
Australia,,,,,,,,,,,,,,,,,,,,,,,,,,,,,,
Australia,,,,,,,,,,,,,,,,,,,,,,,,,,,,,,
Australia,,,,,,,,,,,,,,,,,,,,,,,,,,,,,,
Australia,,,,,,,,,,,,,,,,,,,,,,,,,,,,,,
Australia,,,,,,,,,,,,,,,,,,,,,,,,,,,,,,
Australia,,,,,,,,,,,,,,,,,,,,,,,,,,,,,,
Australia,,,,,,,,,,,,,,,,,,,,,,,,,,,,,,
Australia,,,,,,,,,,,,,,,,,,,,,,,,,,,,,,
Australia,,,,,,,,,,,,,,,,,,,,,,,,,,,,,,
Australia,,,,,,,,,,,,,,,,,,,,,,,,,,,,,,
Australia,,,,,,,,,,,,,,,,,,,,,,,,,,,,,,
Australia,,,,,,,,,,,,,,,,,,,,,,,,,,,,,,
Australia,,,,,,,,,,,,,,,,,,,,,,,,,,,,,,
Australia,,,,,,,,,,,,,,,,,,,,,,,,,,,,,,
Australia,,,,,,,,,,,,,,,,,,,,,,,,,,,,,,
Belgium,,,,,,,,,,,,,,,,,,,,,,,,,,,,,,
Belgium,,,,,,,,,,,,,,,,,,,,,,,,,,,,,,
Belgium,,,,,,,,,,,,,,,,,,,,,,,,,,,,,,
Benin,,,,,,,,,,,,,,,,,,,,,,,,,,,,,,
Botswana,,,,,,,,,,,,,,,,,,,,,,,,,,,,,,
Botswana,,,,,,,,,,,,,,,,,,,,,,,,,,,,,,
Brazil,,,,,,,,,,,,,,,,,,,,,,,,,,,,,,
Brazil,,,,,,,,,,,,,,,,,,,,,,,,,,,,,,
Brazil,,,,,,,,,,,,,,,,,,,,,,,,,,,,,,
Canada,,,,,,,,,,,,,,,,,,,,,,,,,,,,,,
Canada,,,,,,,,,,,,,,,,,,,,,,,,,,,,,,
Canada,,,,,,,,,,,,,,,,,,,,,,,,,,,,,,
Canada,,,,,,,,,,,,,,,,,,,,,,,,,,,,,,
Canada,,,,,,,,,,,,,,,,,,,,,,,,,,,,,,
Canada,,,,,,,,,,,,,,,,,,,,,,,,,,,,,,
Canada,,,,,,,,,,,,,,,,,,,,,,,,,,,,,,
Canada,,,,,,,,,,,,,,,,,,,,,,,,,,,,,,
Canada,,,,,,,,,,,,,,,,,,,,,,,,,,,,,,
Canada,,,,,,,,,,,,,,,,,,,,,,,,,,,,,,
Canada,,,,,,,,,,,,,,,,,,,,,,,,,,,,,,
Canada,,,,,,,,,,,,,,,,,,,,,,,,,,,,,,
Czech Republic,,,,,,,,,,,,,,,,,,,,,,,,,,,,,,
Czech Republic,,,,,,,,,,,,,,,,,,,,,,,,,,,,,,
Czech Republic,,,,,,,,,,,,,,,,,,,,,,,,,,,,,,
Czech Republic,,,,,,,,,,,,,,,,,,,,,,,,,,,,,,
Czech Republic,,,,,,,,,,,,,,,,,,,,,,,,,,,,,,
Czech Republic,,,,,,,,,,,,,,,,,,,,,,,,,,,,,,
Denmark,,,,,,,,,,,,,,,,,,,,,,,,,,,,,,
Denmark,,,,,,,,,,,,,,,,,,,,,,,,,,,,,,
Denmark,,,,,,,,,,,,,,,,,,,,,,,,,,,,,,
Ethiopia,,,,,,,,,,,,,,,,,,,,,,,,,,,,,,
France,,,,,,,,,,,,,,,,,,,,,,,,,,,,,,
France,,,,,,,,,,,,,,,,,,,,,,,,,,,,,,
France,,,,,,,,,,,,,,,,,,,,,,,,,,,,,,
France,,,,,,,,,,,,,,,,,,,,,,,,,,,,,,
France,,,,,,,,,,,,,,,,,,,,,,,,,,,,,,
Germany,,,,,,,,,,,,,,,,,,,,,,,,,,,,,,
Germany,,,,,,,,,,,,,,,,,,,,,,,,,,,,,,
Germany,,,,,,,,,,,,,,,,,,,,,,,,,,,,,,
Germany,,,,,,,,,,,,,,,,,,,,,,,,,,,,,,
Germany,,,,,,,,,,,,,,,,,,,,,,,,,,,,,,
Germany,,,,,,,,,,,,,,,,,,,,,,,,,,,,,,
Germany,,,,,,,,,,,,,,,,,,,,,,,,,,,,,,
Germany,,,,,,,,,,,,,,,,,,,,,,,,,,,,,,
Germany,,,,,,,,,,,,,,,,,,,,,,,,,,,,,,
Germany,,,,,,,,,,,,,,,,,,,,,,,,,,,,,,
Germany,,,,,,,,,,,,,,,,,,,,,,,,,,,,,,
Germany,,,,,,,,,,,,,,,,,,,,,,,,,,,,,,
Germany,,,,,,,,,,,,,,,,,,,,,,,,,,,,,,
Germany,,,,,,,,,,,,,,,,,,,,,,,,,,,,,,
Germany,,,,,,,,,,,,,,,,,,,,,,,,,,,,,,
Germany,,,,,,,,,,,,,,,,,,,,,,,,,,,,,,
Germany,,,,,,,,,,,,,,,,,,,,,,,,,,,,,,
Germany,,,,,,,,,,,,,,,,,,,,,,,,,,,,,,
Germany,,,,,,,,,,,,,,,,,,,,,,,,,,,,,,
Germany,,,,,,,,,,,,,,,,,,,,,,,,,,,,,,
Germany,,,,,,,,,,,,,,,,,,,,,,,,,,,,,,
Germany,,,,,,,,,,,,,,,,,,,,,,,,,,,,,,
Germany,,,,,,,,,,,,,,,,,,,,,,,,,,,,,,
Germany,,,,,,,,,,,,,,,,,,,,,,,,,,,,,,
Germany,,,,,,,,,,,,,,,,,,,,,,,,,,,,,,
Germany,,,,,,,,,,,,,,,,,,,,,,,,,,,,,,
Germany,,,,,,,,,,,,,,,,,,,,,,,,,,,,,,
Germany,,,,,,,,,,,,,,,,,,,,,,,,,,,,,,
Germany,,,,,,,,,,,,,,,,,,,,,,,,,,,,,,
Germany,,,,,,,,,,,,,,,,,,,,,,,,,,,,,,
Germany,,,,,,,,,,,,,,,,,,,,,,,,,,,,,,
Germany,,,,,,,,,,,,,,,,,,,,,,,,,,,,,,
Germany,,,,,,,,,,,,,,,,,,,,,,,,,,,,,,
Germany,,,,,,,,,,,,,,,,,,,,,,,,,,,,,,
Germany,,,,,,,,,,,,,,,,,,,,,,,,,,,,,,
Germany,,,,,,,,,,,,,,,,,,,,,,,,,,,,,,
Germany,,,,,,,,,,,,,,,,,,,,,,,,,,,,,,
Germany,,,,,,,,,,,,,,,,,,,,,,,,,,,,,,
Germany,,,,,,,,,,,,,,,,,,,,,,,,,,,,,,
Germany,,,,,,,,,,,,,,,,,,,,,,,,,,,,,,
Germany,,,,,,,,,,,,,,,,,,,,,,,,,,,,,,
Germany,,,,,,,,,,,,,,,,,,,,,,,,,,,,,,
Germany,,,,,,,,,,,,,,,,,,,,,,,,,,,,,,
Germany,,,,,,,,,,,,,,,,,,,,,,,,,,,,,,
Germany,,,,,,,,,,,,,,,,,,,,,,,,,,,,,,
Germany,,,,,,,,,,,,,,,,,,,,,,,,,,,,,,
Germany,,,,,,,,,,,,,,,,,,,,,,,,,,,,,,
Germany,,,,,,,,,,,,,,,,,,,,,,,,,,,,,,
Germany,,,,,,,,,,,,,,,,,,,,,,,,,,,,,,
Germany,,,,,,,,,,,,,,,,,,,,,,,,,,,,,,
Germany,,,,,,,,,,,,,,,,,,,,,,,,,,,,,,
Germany,,,,,,,,,,,,,,,,,,,,,,,,,,,,,,
Germany,,,,,,,,,,,,,,,,,,,,,,,,,,,,,,
Germany,,,,,,,,,,,,,,,,,,,,,,,,,,,,,,
Germany,,,,,,,,,,,,,,,,,,,,,,,,,,,,,,
Germany,,,,,,,,,,,,,,,,,,,,,,,,,,,,,,
Germany,,,,,,,,,,,,,,,,,,,,,,,,,,,,,,
Germany,,,,,,,,,,,,,,,,,,,,,,,,,,,,,,
Germany,,,,,,,,,,,,,,,,,,,,,,,,,,,,,,
Germany,,,,,,,,,,,,,,,,,,,,,,,,,,,,,,
Germany,,,,,,,,,,,,,,,,,,,,,,,,,,,,,,
Germany,,,,,,,,,,,,,,,,,,,,,,,,,,,,,,
Germany,,,,,,,,,,,,,,,,,,,,,,,,,,,,,,
Germany,,,,,,,,,,,,,,,,,,,,,,,,,,,,,,
Germany,,,,,,,,,,,,,,,,,,,,,,,,,,,,,,
Germany,,,,,,,,,,,,,,,,,,,,,,,,,,,,,,
Germany,,,,,,,,,,,,,,,,,,,,,,,,,,,,,,
Germany,,,,,,,,,,,,,,,,,,,,,,,,,,,,,,
Germany,,,,,,,,,,,,,,,,,,,,,,,,,,,,,,
Germany,,,,,,,,,,,,,,,,,,,,,,,,,,,,,,
Germany,,,,,,,,,,,,,,,,,,,,,,,,,,,,,,
Germany,,,,,,,,,,,,,,,,,,,,,,,,,,,,,,
Germany,,,,,,,,,,,,,,,,,,,,,,,,,,,,,,
Germany,,,,,,,,,,,,,,,,,,,,,,,,,,,,,,
Germany,,,,,,,,,,,,,,,,,,,,,,,,,,,,,,
Germany,,,,,,,,,,,,,,,,,,,,,,,,,,,,,,
Germany,,,,,,,,,,,,,,,,,,,,,,,,,,,,,,
Germany,,,,,,,,,,,,,,,,,,,,,,,,,,,,,,
Germany,,,,,,,,,,,,,,,,,,,,,,,,,,,,,,
Germany,,,,,,,,,,,,,,,,,,,,,,,,,,,,,,
Germany,,,,,,,,,,,,,,,,,,,,,,,,,,,,,,
Germany,,,,,,,,,,,,,,,,,,,,,,,,,,,,,,
Germany,,,,,,,,,,,,,,,,,,,,,,,,,,,,,,
Germany,,,,,,,,,,,,,,,,,,,,,,,,,,,,,,
Germany,,,,,,,,,,,,,,,,,,,,,,,,,,,,,,
Germany,,,,,,,,,,,,,,,,,,,,,,,,,,,,,,
Germany,,,,,,,,,,,,,,,,,,,,,,,,,,,,,,
Germany,,,,,,,,,,,,,,,,,,,,,,,,,,,,,,
Germany,,,,,,,,,,,,,,,,,,,,,,,,,,,,,,
Germany,,,,,,,,,,,,,,,,,,,,,,,,,,,,,,
Germany,,,,,,,,,,,,,,,,,,,,,,,,,,,,,,
Germany,,,,,,,,,,,,,,,,,,,,,,,,,,,,,,
Germany,,,,,,,,,,,,,,,,,,,,,,,,,,,,,,
Germany,,,,,,,,,,,,,,,,,,,,,,,,,,,,,,
Germany,,,,,,,,,,,,,,,,,,,,,,,,,,,,,,
Germany,,,,,,,,,,,,,,,,,,,,,,,,,,,,,,
Germany,,,,,,,,,,,,,,,,,,,,,,,,,,,,,,
Germany,,,,,,,,,,,,,,,,,,,,,,,,,,,,,,
Germany,,,,,,,,,,,,,,,,,,,,,,,,,,,,,,
Germany,,,,,,,,,,,,,,,,,,,,,,,,,,,,,,
Germany,,,,,,,,,,,,,,,,,,,,,,,,,,,,,,
Germany,,,,,,,,,,,,,,,,,,,,,,,,,,,,,,
Germany,,,,,,,,,,,,,,,,,,,,,,,,,,,,,,
Germany,,,,,,,,,,,,,,,,,,,,,,,,,,,,,,
Germany,,,,,,,,,,,,,,,,,,,,,,,,,,,,,,
Germany,,,,,,,,,,,,,,,,,,,,,,,,,,,,,,
Germany,,,,,,,,,,,,,,,,,,,,,,,,,,,,,,
Germany,,,,,,,,,,,,,,,,,,,,,,,,,,,,,,
Germany,,,,,,,,,,,,,,,,,,,,,,,,,,,,,,
Germany,,,,,,,,,,,,,,,,,,,,,,,,,,,,,,
Germany,,,,,,,,,,,,,,,,,,,,,,,,,,,,,,
Germany,,,,,,,,,,,,,,,,,,,,,,,,,,,,,,
Germany,,,,,,,,,,,,,,,,,,,,,,,,,,,,,,
Germany,,,,,,,,,,,,,,,,,,,,,,,,,,,,,,
Germany,,,,,,,,,,,,,,,,,,,,,,,,,,,,,,
Germany,,,,,,,,,,,,,,,,,,,,,,,,,,,,,,
Germany,,,,,,,,,,,,,,,,,,,,,,,,,,,,,,
Germany,,,,,,,,,,,,,,,,,,,,,,,,,,,,,,
Germany,,,,,,,,,,,,,,,,,,,,,,,,,,,,,,
Germany,,,,,,,,,,,,,,,,,,,,,,,,,,,,,,
Germany,,,,,,,,,,,,,,,,,,,,,,,,,,,,,,
Germany,,,,,,,,,,,,,,,,,,,,,,,,,,,,,,
Germany,,,,,,,,,,,,,,,,,,,,,,,,,,,,,,
Germany,,,,,,,,,,,,,,,,,,,,,,,,,,,,,,
Germany,,,,,,,,,,,,,,,,,,,,,,,,,,,,,,
Germany,,,,,,,,,,,,,,,,,,,,,,,,,,,,,,
Germany,,,,,,,,,,,,,,,,,,,,,,,,,,,,,,
Germany,,,,,,,,,,,,,,,,,,,,,,,,,,,,,,
Germany,,,,,,,,,,,,,,,,,,,,,,,,,,,,,,
Germany,,,,,,,,,,,,,,,,,,,,,,,,,,,,,,
Germany,,,,,,,,,,,,,,,,,,,,,,,,,,,,,,
Germany,,,,,,,,,,,,,,,,,,,,,,,,,,,,,,
Germany,,,,,,,,,,,,,,,,,,,,,,,,,,,,,,
Germany,,,,,,,,,,,,,,,,,,,,,,,,,,,,,,
Germany,,,,,,,,,,,,,,,,,,,,,,,,,,,,,,
Germany,,,,,,,,,,,,,,,,,,,,,,,,,,,,,,
Germany,,,,,,,,,,,,,,,,,,,,,,,,,,,,,,
Germany,,,,,,,,,,,,,,,,,,,,,,,,,,,,,,
Germany,,,,,,,,,,,,,,,,,,,,,,,,,,,,,,
Germany,,,,,,,,,,,,,,,,,,,,,,,,,,,,,,
Germany,,,,,,,,,,,,,,,,,,,,,,,,,,,,,,
Germany,,,,,,,,,,,,,,,,,,,,,,,,,,,,,,
Germany,,,,,,,,,,,,,,,,,,,,,,,,,,,,,,
Germany,,,,,,,,,,,,,,,,,,,,,,,,,,,,,,
Germany,,,,,,,,,,,,,,,,,,,,,,,,,,,,,,
Germany,,,,,,,,,,,,,,,,,,,,,,,,,,,,,,
Germany,,,,,,,,,,,,,,,,,,,,,,,,,,,,,,
Germany,,,,,,,,,,,,,,,,,,,,,,,,,,,,,,
Germany,,,,,,,,,,,,,,,,,,,,,,,,,,,,,,
Germany,,,,,,,,,,,,,,,,,,,,,,,,,,,,,,
Germany,,,,,,,,,,,,,,,,,,,,,,,,,,,,,,
Germany,,,,,,,,,,,,,,,,,,,,,,,,,,,,,,
Germany,,,,,,,,,,,,,,,,,,,,,,,,,,,,,,
Germany,,,,,,,,,,,,,,,,,,,,,,,,,,,,,,
Germany,,,,,,,,,,,,,,,,,,,,,,,,,,,,,,
Germany,,,,,,,,,,,,,,,,,,,,,,,,,,,,,,
Germany,,,,,,,,,,,,,,,,,,,,,,,,,,,,,,
Germany,,,,,,,,,,,,,,,,,,,,,,,,,,,,,,
Germany,,,,,,,,,,,,,,,,,,,,,,,,,,,,,,
Germany,,,,,,,,,,,,,,,,,,,,,,,,,,,,,,
Germany,,,,,,,,,,,,,,,,,,,,,,,,,,,,,,
Germany,,,,,,,,,,,,,,,,,,,,,,,,,,,,,,
Germany,,,,,,,,,,,,,,,,,,,,,,,,,,,,,,
Germany,,,,,,,,,,,,,,,,,,,,,,,,,,,,,,
Germany,,,,,,,,,,,,,,,,,,,,,,,,,,,,,,
Germany,,,,,,,,,,,,,,,,,,,,,,,,,,,,,,
Germany,,,,,,,,,,,,,,,,,,,,,,,,,,,,,,
Germany,,,,,,,,,,,,,,,,,,,,,,,,,,,,,,
Germany,,,,,,,,,,,,,,,,,,,,,,,,,,,,,,
Germany,,,,,,,,,,,,,,,,,,,,,,,,,,,,,,
Germany,,,,,,,,,,,,,,,,,,,,,,,,,,,,,,
Germany,,,,,,,,,,,,,,,,,,,,,,,,,,,,,,
Germany,,,,,,,,,,,,,,,,,,,,,,,,,,,,,,
Germany,,,,,,,,,,,,,,,,,,,,,,,,,,,,,,
Germany,,,,,,,,,,,,,,,,,,,,,,,,,,,,,,
Germany,,,,,,,,,,,,,,,,,,,,,,,,,,,,,,
Germany,,,,,,,,,,,,,,,,,,,,,,,,,,,,,,
Germany,,,,,,,,,,,,,,,,,,,,,,,,,,,,,,
Germany,,,,,,,,,,,,,,,,,,,,,,,,,,,,,,
Germany,,,,,,,,,,,,,,,,,,,,,,,,,,,,,,
Germany,,,,,,,,,,,,,,,,,,,,,,,,,,,,,,
Germany,,,,,,,,,,,,,,,,,,,,,,,,,,,,,,
Germany,,,,,,,,,,,,,,,,,,,,,,,,,,,,,,
Germany,,,,,,,,,,,,,,,,,,,,,,,,,,,,,,
Germany,,,,,,,,,,,,,,,,,,,,,,,,,,,,,,
Germany,,,,,,,,,,,,,,,,,,,,,,,,,,,,,,
Germany,,,,,,,,,,,,,,,,,,,,,,,,,,,,,,
Germany,,,,,,,,,,,,,,,,,,,,,,,,,,,,,,
Germany,,,,,,,,,,,,,,,,,,,,,,,,,,,,,,
Germany,,,,,,,,,,,,,,,,,,,,,,,,,,,,,,
Germany,,,,,,,,,,,,,,,,,,,,,,,,,,,,,,
Germany,,,,,,,,,,,,,,,,,,,,,,,,,,,,,,
Germany,,,,,,,,,,,,,,,,,,,,,,,,,,,,,,
Germany,,,,,,,,,,,,,,,,,,,,,,,,,,,,,,
Germany,,,,,,,,,,,,,,,,,,,,,,,,,,,,,,
Germany,,,,,,,,,,,,,,,,,,,,,,,,,,,,,,
Germany,,,,,,,,,,,,,,,,,,,,,,,,,,,,,,
Germany,,,,,,,,,,,,,,,,,,,,,,,,,,,,,,
Germany,,,,,,,,,,,,,,,,,,,,,,,,,,,,,,
Germany,,,,,,,,,,,,,,,,,,,,,,,,,,,,,,
Germany,,,,,,,,,,,,,,,,,,,,,,,,,,,,,,
Germany,,,,,,,,,,,,,,,,,,,,,,,,,,,,,,
Germany,,,,,,,,,,,,,,,,,,,,,,,,,,,,,,
Germany,,,,,,,,,,,,,,,,,,,,,,,,,,,,,,
Germany,,,,,,,,,,,,,,,,,,,,,,,,,,,,,,
Germany,,,,,,,,,,,,,,,,,,,,,,,,,,,,,,
Germany,,,,,,,,,,,,,,,,,,,,,,,,,,,,,,
Germany,,,,,,,,,,,,,,,,,,,,,,,,,,,,,,
Germany,,,,,,,,,,,,,,,,,,,,,,,,,,,,,,
Germany,,,,,,,,,,,,,,,,,,,,,,,,,,,,,,
Germany,,,,,,,,,,,,,,,,,,,,,,,,,,,,,,
Germany,,,,,,,,,,,,,,,,,,,,,,,,,,,,,,
Germany,,,,,,,,,,,,,,,,,,,,,,,,,,,,,,
Germany,,,,,,,,,,,,,,,,,,,,,,,,,,,,,,
Germany,,,,,,,,,,,,,,,,,,,,,,,,,,,,,,
Germany,,,,,,,,,,,,,,,,,,,,,,,,,,,,,,
Germany,,,,,,,,,,,,,,,,,,,,,,,,,,,,,,
Germany,,,,,,,,,,,,,,,,,,,,,,,,,,,,,,
Germany,,,,,,,,,,,,,,,,,,,,,,,,,,,,,,
Germany,,,,,,,,,,,,,,,,,,,,,,,,,,,,,,
Germany,,,,,,,,,,,,,,,,,,,,,,,,,,,,,,
Germany,,,,,,,,,,,,,,,,,,,,,,,,,,,,,,
Germany,,,,,,,,,,,,,,,,,,,,,,,,,,,,,,
Germany,,,,,,,,,,,,,,,,,,,,,,,,,,,,,,
Germany,,,,,,,,,,,,,,,,,,,,,,,,,,,,,,
Germany,,,,,,,,,,,,,,,,,,,,,,,,,,,,,,
Germany,,,,,,,,,,,,,,,,,,,,,,,,,,,,,,
Germany,,,,,,,,,,,,,,,,,,,,,,,,,,,,,,
Germany,,,,,,,,,,,,,,,,,,,,,,,,,,,,,,
Germany,,,,,,,,,,,,,,,,,,,,,,,,,,,,,,
Germany,,,,,,,,,,,,,,,,,,,,,,,,,,,,,,
Germany,,,,,,,,,,,,,,,,,,,,,,,,,,,,,,
Germany,,,,,,,,,,,,,,,,,,,,,,,,,,,,,,
Germany,,,,,,,,,,,,,,,,,,,,,,,,,,,,,,
Germany,,,,,,,,,,,,,,,,,,,,,,,,,,,,,,
Germany,,,,,,,,,,,,,,,,,,,,,,,,,,,,,,
Germany,,,,,,,,,,,,,,,,,,,,,,,,,,,,,,
Germany,,,,,,,,,,,,,,,,,,,,,,,,,,,,,,
Germany,,,,,,,,,,,,,,,,,,,,,,,,,,,,,,
Germany,,,,,,,,,,,,,,,,,,,,,,,,,,,,,,
Germany,,,,,,,,,,,,,,,,,,,,,,,,,,,,,,
Germany,,,,,,,,,,,,,,,,,,,,,,,,,,,,,,
Germany,,,,,,,,,,,,,,,,,,,,,,,,,,,,,,
Germany,,,,,,,,,,,,,,,,,,,,,,,,,,,,,,
Germany,,,,,,,,,,,,,,,,,,,,,,,,,,,,,,
Germany,,,,,,,,,,,,,,,,,,,,,,,,,,,,,,
Germany,,,,,,,,,,,,,,,,,,,,,,,,,,,,,,
Germany,,,,,,,,,,,,,,,,,,,,,,,,,,,,,,
Germany,,,,,,,,,,,,,,,,,,,,,,,,,,,,,,
Germany,,,,,,,,,,,,,,,,,,,,,,,,,,,,,,
Germany,,,,,,,,,,,,,,,,,,,,,,,,,,,,,,
Germany,,,,,,,,,,,,,,,,,,,,,,,,,,,,,,
Germany,,,,,,,,,,,,,,,,,,,,,,,,,,,,,,
Germany,,,,,,,,,,,,,,,,,,,,,,,,,,,,,,
Germany,,,,,,,,,,,,,,,,,,,,,,,,,,,,,,
Germany,,,,,,,,,,,,,,,,,,,,,,,,,,,,,,
Germany,,,,,,,,,,,,,,,,,,,,,,,,,,,,,,
Germany,,,,,,,,,,,,,,,,,,,,,,,,,,,,,,
Germany,,,,,,,,,,,,,,,,,,,,,,,,,,,,,,
Germany,,,,,,,,,,,,,,,,,,,,,,,,,,,,,,
Germany,,,,,,,,,,,,,,,,,,,,,,,,,,,,,,
Germany,,,,,,,,,,,,,,,,,,,,,,,,,,,,,,
Germany,,,,,,,,,,,,,,,,,,,,,,,,,,,,,,
Germany,,,,,,,,,,,,,,,,,,,,,,,,,,,,,,
Germany,,,,,,,,,,,,,,,,,,,,,,,,,,,,,,
Germany,,,,,,,,,,,,,,,,,,,,,,,,,,,,,,
Germany,,,,,,,,,,,,,,,,,,,,,,,,,,,,,,
Germany,,,,,,,,,,,,,,,,,,,,,,,,,,,,,,
Germany,,,,,,,,,,,,,,,,,,,,,,,,,,,,,,
Germany,,,,,,,,,,,,,,,,,,,,,,,,,,,,,,
Germany,,,,,,,,,,,,,,,,,,,,,,,,,,,,,,
Germany,,,,,,,,,,,,,,,,,,,,,,,,,,,,,,
Germany,,,,,,,,,,,,,,,,,,,,,,,,,,,,,,
Germany,,,,,,,,,,,,,,,,,,,,,,,,,,,,,,
Germany,,,,,,,,,,,,,,,,,,,,,,,,,,,,,,
Germany,,,,,,,,,,,,,,,,,,,,,,,,,,,,,,
Germany,,,,,,,,,,,,,,,,,,,,,,,,,,,,,,
Germany,,,,,,,,,,,,,,,,,,,,,,,,,,,,,,
Germany,,,,,,,,,,,,,,,,,,,,,,,,,,,,,,
Germany,,,,,,,,,,,,,,,,,,,,,,,,,,,,,,
Germany,,,,,,,,,,,,,,,,,,,,,,,,,,,,,,
Germany,,,,,,,,,,,,,,,,,,,,,,,,,,,,,,
Germany,,,,,,,,,,,,,,,,,,,,,,,,,,,,,,
Germany,,,,,,,,,,,,,,,,,,,,,,,,,,,,,,
Germany,,,,,,,,,,,,,,,,,,,,,,,,,,,,,,
Germany,,,,,,,,,,,,,,,,,,,,,,,,,,,,,,
Germany,,,,,,,,,,,,,,,,,,,,,,,,,,,,,,
Germany,,,,,,,,,,,,,,,,,,,,,,,,,,,,,,
Germany,,,,,,,,,,,,,,,,,,,,,,,,,,,,,,
Germany,,,,,,,,,,,,,,,,,,,,,,,,,,,,,,
Germany,,,,,,,,,,,,,,,,,,,,,,,,,,,,,,
Germany,,,,,,,,,,,,,,,,,,,,,,,,,,,,,,
Germany,,,,,,,,,,,,,,,,,,,,,,,,,,,,,,
Germany,,,,,,,,,,,,,,,,,,,,,,,,,,,,,,
Germany,,,,,,,,,,,,,,,,,,,,,,,,,,,,,,
Germany,,,,,,,,,,,,,,,,,,,,,,,,,,,,,,
Germany,,,,,,,,,,,,,,,,,,,,,,,,,,,,,,
Germany,,,,,,,,,,,,,,,,,,,,,,,,,,,,,,
Germany,,,,,,,,,,,,,,,,,,,,,,,,,,,,,,
Germany,,,,,,,,,,,,,,,,,,,,,,,,,,,,,,
Germany,,,,,,,,,,,,,,,,,,,,,,,,,,,,,,
Germany,,,,,,,,,,,,,,,,,,,,,,,,,,,,,,
Germany,,,,,,,,,,,,,,,,,,,,,,,,,,,,,,
Germany,,,,,,,,,,,,,,,,,,,,,,,,,,,,,,
Germany,,,,,,,,,,,,,,,,,,,,,,,,,,,,,,
Germany,,,,,,,,,,,,,,,,,,,,,,,,,,,,,,
Germany,,,,,,,,,,,,,,,,,,,,,,,,,,,,,,
Germany,,,,,,,,,,,,,,,,,,,,,,,,,,,,,,
Germany,,,,,,,,,,,,,,,,,,,,,,,,,,,,,,
Germany,,,,,,,,,,,,,,,,,,,,,,,,,,,,,,
Germany,,,,,,,,,,,,,,,,,,,,,,,,,,,,,,
Germany,,,,,,,,,,,,,,,,,,,,,,,,,,,,,,
Germany,,,,,,,,,,,,,,,,,,,,,,,,,,,,,,
Germany,,,,,,,,,,,,,,,,,,,,,,,,,,,,,,
Germany,,,,,,,,,,,,,,,,,,,,,,,,,,,,,,
Germany,,,,,,,,,,,,,,,,,,,,,,,,,,,,,,
Germany,,,,,,,,,,,,,,,,,,,,,,,,,,,,,,
Germany,,,,,,,,,,,,,,,,,,,,,,,,,,,,,,
Germany,,,,,,,,,,,,,,,,,,,,,,,,,,,,,,
Germany,,,,,,,,,,,,,,,,,,,,,,,,,,,,,,
Germany,,,,,,,,,,,,,,,,,,,,,,,,,,,,,,
Germany,,,,,,,,,,,,,,,,,,,,,,,,,,,,,,
Germany,,,,,,,,,,,,,,,,,,,,,,,,,,,,,,
Germany,,,,,,,,,,,,,,,,,,,,,,,,,,,,,,
Germany,,,,,,,,,,,,,,,,,,,,,,,,,,,,,,
Germany,,,,,,,,,,,,,,,,,,,,,,,,,,,,,,
Germany,,,,,,,,,,,,,,,,,,,,,,,,,,,,,,
Germany,,,,,,,,,,,,,,,,,,,,,,,,,,,,,,
Germany,,,,,,,,,,,,,,,,,,,,,,,,,,,,,,
Germany,,,,,,,,,,,,,,,,,,,,,,,,,,,,,,
Germany,,,,,,,,,,,,,,,,,,,,,,,,,,,,,,
Germany,,,,,,,,,,,,,,,,,,,,,,,,,,,,,,
Germany,,,,,,,,,,,,,,,,,,,,,,,,,,,,,,
Greece,,,,,,,,,,,,,,,,,,,,,,,,,,,,,,
India,,,,,,,,,,,,,,,,,,,,,,,,,,,,,,
Ireland,,,,,,,,,,,,,,,,,,,,,,,,,,,,,,
Ireland,,,,,,,,,,,,,,,,,,,,,,,,,,,,,,
Italy,,,,,,,,,,,,,,,,,,,,,,,,,,,,,,
Italy,,,,,,,,,,,,,,,,,,,,,,,,,,,,,,
Italy,,,,,,,,,,,,,,,,,,,,,,,,,,,,,,
Italy,,,,,,,,,,,,,,,,,,,,,,,,,,,,,,
Japan,,,,,,,,,,,,,,,,,,,,,,,,,,,,,,
Malawi,,,,,,,,,,,,,,,,,,,,,,,,,,,,,,
Mauritius,,,,,,,,,,,,,,,,,,,,,,,,,,,,,,
Netherlands,,,,,,,,,,,,,,,,,,,,,,,,,,,,,,
Netherlands,,,,,,,,,,,,,,,,,,,,,,,,,,,,,,
Netherlands,,,,,,,,,,,,,,,,,,,,,,,,,,,,,,
Netherlands,,,,,,,,,,,,,,,,,,,,,,,,,,,,,,
Netherlands,,,,,,,,,,,,,,,,,,,,,,,,,,,,,,
Netherlands,,,,,,,,,,,,,,,,,,,,,,,,,,,,,,
Netherlands,,,,,,,,,,,,,,,,,,,,,,,,,,,,,,
Netherlands,,,,,,,,,,,,,,,,,,,,,,,,,,,,,,
Netherlands,,,,,,,,,,,,,,,,,,,,,,,,,,,,,,
Netherlands,,,,,,,,,,,,,,,,,,,,,,,,,,,,,,
Netherlands,,,,,,,,,,,,,,,,,,,,,,,,,,,,,,
Netherlands,,,,,,,,,,,,,,,,,,,,,,,,,,,,,,
Netherlands,,,,,,,,,,,,,,,,,,,,,,,,,,,,,,
Netherlands,,,,,,,,,,,,,,,,,,,,,,,,,,,,,,
Netherlands,,,,,,,,,,,,,,,,,,,,,,,,,,,,,,
Netherlands,,,,,,,,,,,,,,,,,,,,,,,,,,,,,,
Netherlands,,,,,,,,,,,,,,,,,,,,,,,,,,,,,,
Netherlands,,,,,,,,,,,,,,,,,,,,,,,,,,,,,,
Netherlands,,,,,,,,,,,,,,,,,,,,,,,,,,,,,,
Netherlands,,,,,,,,,,,,,,,,,,,,,,,,,,,,,,
Netherlands,,,,,,,,,,,,,,,,,,,,,,,,,,,,,,
Netherlands,,,,,,,,,,,,,,,,,,,,,,,,,,,,,,
Netherlands,,,,,,,,,,,,,,,,,,,,,,,,,,,,,,
Netherlands,,,,,,,,,,,,,,,,,,,,,,,,,,,,,,
Netherlands,,,,,,,,,,,,,,,,,,,,,,,,,,,,,,
Netherlands,,,,,,,,,,,,,,,,,,,,,,,,,,,,,,
Netherlands,,,,,,,,,,,,,,,,,,,,,,,,,,,,,,
Netherlands,,,,,,,,,,,,,,,,,,,,,,,,,,,,,,
Netherlands,,,,,,,,,,,,,,,,,,,,,,,,,,,,,,
Netherlands,,,,,,,,,,,,,,,,,,,,,,,,,,,,,,
Netherlands,,,,,,,,,,,,,,,,,,,,,,,,,,,,,,
Netherlands,,,,,,,,,,,,,,,,,,,,,,,,,,,,,,
Netherlands,,,,,,,,,,,,,,,,,,,,,,,,,,,,,,
Netherlands,,,,,,,,,,,,,,,,,,,,,,,,,,,,,,
Netherlands,,,,,,,,,,,,,,,,,,,,,,,,,,,,,,
Netherlands,,,,,,,,,,,,,,,,,,,,,,,,,,,,,,
Netherlands,,,,,,,,,,,,,,,,,,,,,,,,,,,,,,
Netherlands,,,,,,,,,,,,,,,,,,,,,,,,,,,,,,
Netherlands,,,,,,,,,,,,,,,,,,,,,,,,,,,,,,
Netherlands,,,,,,,,,,,,,,,,,,,,,,,,,,,,,,
Netherlands,,,,,,,,,,,,,,,,,,,,,,,,,,,,,,
Netherlands,,,,,,,,,,,,,,,,,,,,,,,,,,,,,,
Netherlands,,,,,,,,,,,,,,,,,,,,,,,,,,,,,,
Netherlands,,,,,,,,,,,,,,,,,,,,,,,,,,,,,,
Netherlands,,,,,,,,,,,,,,,,,,,,,,,,,,,,,,
Netherlands,,,,,,,,,,,,,,,,,,,,,,,,,,,,,,
Netherlands,,,,,,,,,,,,,,,,,,,,,,,,,,,,,,
Netherlands,,,,,,,,,,,,,,,,,,,,,,,,,,,,,,
Netherlands,,,,,,,,,,,,,,,,,,,,,,,,,,,,,,
Netherlands,,,,,,,,,,,,,,,,,,,,,,,,,,,,,,
Netherlands,,,,,,,,,,,,,,,,,,,,,,,,,,,,,,
Netherlands,,,,,,,,,,,,,,,,,,,,,,,,,,,,,,
Netherlands,,,,,,,,,,,,,,,,,,,,,,,,,,,,,,
Netherlands,,,,,,,,,,,,,,,,,,,,,,,,,,,,,,
New Zealand,,,,,,,,,,,,,,,,,,,,,,,,,,,,,,
New Zealand,,,,,,,,,,,,,,,,,,,,,,,,,,,,,,
New Zealand,,,,,,,,,,,,,,,,,,,,,,,,,,,,,,
New Zealand,,,,,,,,,,,,,,,,,,,,,,,,,,,,,,
New Zealand,,,,,,,,,,,,,,,,,,,,,,,,,,,,,,
New Zealand,,,,,,,,,,,,,,,,,,,,,,,,,,,,,,
New Zealand,,,,,,,,,,,,,,,,,,,,,,,,,,,,,,
New Zealand,,,,,,,,,,,,,,,,,,,,,,,,,,,,,,
New Zealand,,,,,,,,,,,,,,,,,,,,,,,,,,,,,,
New Zealand,,,,,,,,,,,,,,,,,,,,,,,,,,,,,,
New Zealand,,,,,,,,,,,,,,,,,,,,,,,,,,,,,,
New Zealand,,,,,,,,,,,,,,,,,,,,,,,,,,,,,,
New Zealand,,,,,,,,,,,,,,,,,,,,,,,,,,,,,,
New Zealand,,,,,,,,,,,,,,,,,,,,,,,,,,,,,,
New Zealand,,,,,,,,,,,,,,,,,,,,,,,,,,,,,,
New Zealand,,,,,,,,,,,,,,,,,,,,,,,,,,,,,,
New Zealand,,,,,,,,,,,,,,,,,,,,,,,,,,,,,,
New Zealand,,,,,,,,,,,,,,,,,,,,,,,,,,,,,,
New Zealand,,,,,,,,,,,,,,,,,,,,,,,,,,,,,,
New Zealand,,,,,,,,,,,,,,,,,,,,,,,,,,,,,,
New Zealand,,,,,,,,,,,,,,,,,,,,,,,,,,,,,,
New Zealand,,,,,,,,,,,,,,,,,,,,,,,,,,,,,,
New Zealand,,,,,,,,,,,,,,,,,,,,,,,,,,,,,,
New Zealand,,,,,,,,,,,,,,,,,,,,,,,,,,,,,,
New Zealand,,,,,,,,,,,,,,,,,,,,,,,,,,,,,,
New Zealand,,,,,,,,,,,,,,,,,,,,,,,,,,,,,,
New Zealand,,,,,,,,,,,,,,,,,,,,,,,,,,,,,,
New Zealand,,,,,,,,,,,,,,,,,,,,,,,,,,,,,,
New Zealand,,,,,,,,,,,,,,,,,,,,,,,,,,,,,,
New Zealand,,,,,,,,,,,,,,,,,,,,,,,,,,,,,,
New Zealand,,,,,,,,,,,,,,,,,,,,,,,,,,,,,,
New Zealand,,,,,,,,,,,,,,,,,,,,,,,,,,,,,,
New Zealand,,,,,,,,,,,,,,,,,,,,,,,,,,,,,,
New Zealand,,,,,,,,,,,,,,,,,,,,,,,,,,,,,,
New Zealand,,,,,,,,,,,,,,,,,,,,,,,,,,,,,,
New Zealand,,,,,,,,,,,,,,,,,,,,,,,,,,,,,,
New Zealand,,,,,,,,,,,,,,,,,,,,,,,,,,,,,,
Nigeria,,,,,,,,,,,,,,,,,,,,,,,,,,,,,,
Norway,,,,,,,,,,,,,,,,,,,,,,,,,,,,,,
Norway,,,,,,,,,,,,,,,,,,,,,,,,,,,,,,
Norway,,,,,,,,,,,,,,,,,,,,,,,,,,,,,,
Norway,,,,,,,,,,,,,,,,,,,,,,,,,,,,,,
Norway,,,,,,,,,,,,,,,,,,,,,,,,,,,,,,
Norway,,,,,,,,,,,,,,,,,,,,,,,,,,,,,,
Poland,,,,,,,,,,,,,,,,,,,,,,,,,,,,,,
Portugal,,,,,,,,,,,,,,,,,,,,,,,,,,,,,,
Russian Federation,,,,,,,,,,,,,,,,,,,,,,,,,,,,,,
Saudi Arabia,,,,,,,,,,,,,,,,,,,,,,,,,,,,,,
South Africa,,,,,,,,,,,,,,,,,,,,,,,,,,,,,,
South Africa,,,,,,,,,,,,,,,,,,,,,,,,,,,,,,
South Africa,,,,,,,,,,,,,,,,,,,,,,,,,,,,,,
South Africa,,,,,,,,,,,,,,,,,,,,,,,,,,,,,,
South Africa,,,,,,,,,,,,,,,,,,,,,,,,,,,,,,
South Africa,,,,,,,,,,,,,,,,,,,,,,,,,,,,,,
South Africa,,,,,,,,,,,,,,,,,,,,,,,,,,,,,,
South Africa,,,,,,,,,,,,,,,,,,,,,,,,,,,,,,
South Africa,,,,,,,,,,,,,,,,,,,,,,,,,,,,,,
South Africa,,,,,,,,,,,,,,,,,,,,,,,,,,,,,,
South Africa,,,,,,,,,,,,,,,,,,,,,,,,,,,,,,
South Africa,,,,,,,,,,,,,,,,,,,,,,,,,,,,,,
South Africa,,,,,,,,,,,,,,,,,,,,,,,,,,,,,,
South Africa,,,,,,,,,,,,,,,,,,,,,,,,,,,,,,
South Africa,,,,,,,,,,,,,,,,,,,,,,,,,,,,,,
South Africa,,,,,,,,,,,,,,,,,,,,,,,,,,,,,,
South Africa,,,,,,,,,,,,,,,,,,,,,,,,,,,,,,
South Africa,,,,,,,,,,,,,,,,,,,,,,,,,,,,,,
South Africa,,,,,,,,,,,,,,,,,,,,,,,,,,,,,,
South Africa,,,,,,,,,,,,,,,,,,,,,,,,,,,,,,
South Africa,,,,,,,,,,,,,,,,,,,,,,,,,,,,,,
South Africa,,,,,,,,,,,,,,,,,,,,,,,,,,,,,,
South Africa,,,,,,,,,,,,,,,,,,,,,,,,,,,,,,
Spain,,,,,,,,,,,,,,,,,,,,,,,,,,,,,,
Spain,,,,,,,,,,,,,,,,,,,,,,,,,,,,,,
Spain,,,,,,,,,,,,,,,,,,,,,,,,,,,,,,
Spain,,,,,,,,,,,,,,,,,,,,,,,,,,,,,,
Sweden,,,,,,,,,,,,,,,,,,,,,,,,,,,,,,
Sweden,,,,,,,,,,,,,,,,,,,,,,,,,,,,,,
Switzerland,,,,,,,,,,,,,,,,,,,,,,,,,,,,,,
Switzerland,,,,,,,,,,,,,,,,,,,,,,,,,,,,,,
Turkey,,,,,,,,,,,,,,,,,,,,,,,,,,,,,,
United Kingdom of Great Britain and Northern Ireland,Yes,No,No,No,No,No,No,No,No,No,No,No,No,No,No,No,No,No,No,,,,,,,,,,,
United Kingdom of Great Britain and Northern Ireland,Yes,No,No,No,No,No,No,No,No,No,No,No,No,No,No,No,No,No,No,,,,,,,,,,,
United Kingdom of Great Britain and Northern Ireland,No,No,No,Yes,No,No,No,No,No,No,No,No,No,No,No,No,No,No,No,,,,,,,,,,,
United Kingdom of Great Britain and Northern Ireland,Yes,No,No,No,No,No,No,No,No,No,No,No,No,No,No,No,No,No,No,,,,,,,,,,,
United Kingdom of Great Britain and Northern Ireland,No,Yes,No,No,No,No,No,No,No,No,No,No,No,No,No,No,No,No,No,,,,,,,,,,,
United Kingdom of Great Britain and Northern Ireland,Yes,No,No,No,No,No,No,No,No,No,No,No,No,No,No,No,No,No,No,,,,,,,,,,,
United Kingdom of Great Britain and Northern Ireland,Yes,No,No,No,No,No,No,No,No,No,No,No,No,No,No,No,No,No,No,,,,,,,,,,,
United Kingdom of Great Britain and Northern Ireland,No,Yes,No,No,No,No,No,No,No,No,No,No,No,No,No,No,No,No,No,,,,,,,,,,,
United Kingdom of Great Britain and Northern Ireland,Yes,No,No,No,No,No,No,No,No,No,No,No,No,No,No,No,No,No,No,,,,,,,,,,,
United Kingdom of Great Britain and Northern Ireland,No,No,No,Yes,No,No,No,No,No,No,No,No,No,No,No,No,No,No,No,,,,,,,,,,,
United Kingdom of Great Britain and Northern Ireland,Yes,Yes,No,No,No,No,No,No,No,No,No,No,No,No,No,No,No,No,No,,,,,,,,,,,
United Kingdom of Great Britain and Northern Ireland,Yes,No,No,No,No,No,No,No,No,No,No,No,No,No,No,No,No,No,No,,,,,,,,,,,
United Kingdom of Great Britain and Northern Ireland,Yes,No,No,No,No,No,No,No,No,No,No,No,No,No,No,No,No,No,No,,,,,,,,,,,
United Kingdom of Great Britain and Northern Ireland,Yes,No,No,No,No,No,No,No,No,No,No,No,No,No,No,No,No,No,No,,,,,,,,,,,
United Kingdom of Great Britain and Northern Ireland,,,,,,,,,,,,,,,,,,,,,,,,,,,,,,
United Kingdom of Great Britain and Northern Ireland,Yes,No,No,No,No,No,No,No,No,No,No,No,No,No,No,No,No,No,No,,,,,,,,,,,
United Kingdom of Great Britain and Northern Ireland,Yes,No,No,No,No,No,No,No,No,No,No,No,No,No,No,No,No,No,No,,,,,,,,,,,
United Kingdom of Great Britain and Northern Ireland,No,No,No,Yes,No,No,No,No,No,No,No,No,No,No,No,No,No,No,No,,,,,,,,,,,
United Kingdom of Great Britain and Northern Ireland,Yes,No,No,No,No,No,No,No,No,No,No,No,No,No,No,No,No,No,No,,,,,,,,,,,
United Kingdom of Great Britain and Northern Ireland,Yes,Yes,No,No,No,No,No,Yes,No,No,No,No,No,No,No,No,Yes,No,No,,,,,,,,,,,
United Kingdom of Great Britain and Northern Ireland,No,No,No,Yes,No,No,No,No,No,No,No,No,No,No,No,No,No,No,No,,,,,,,,,,,
United Kingdom of Great Britain and Northern Ireland,Yes,Yes,No,No,No,No,No,No,No,No,No,No,No,No,No,No,No,No,No,,,,,,,,,,,
United Kingdom of Great Britain and Northern Ireland,No,No,No,No,No,No,No,No,No,No,No,No,No,No,No,No,No,No,No,,,,,,,,,,,
United Kingdom of Great Britain and Northern Ireland,Yes,No,No,No,No,No,No,No,No,No,No,No,No,No,No,No,No,No,No,,,,,,,,,,,
United Kingdom of Great Britain and Northern Ireland,Yes,No,No,No,No,No,No,No,No,No,No,No,No,No,No,No,No,No,No,,,,,,,,,,,
United Kingdom of Great Britain and Northern Ireland,No,No,No,No,No,No,No,No,No,No,No,No,No,No,Yes,No,No,No,No,,,,,,,,,,,
United Kingdom of Great Britain and Northern Ireland,No,No,No,Yes,No,No,No,No,No,No,No,No,No,No,No,No,No,No,No,,,,,,,,,,,
United Kingdom of Great Britain and Northern Ireland,No,No,No,Yes,No,No,No,No,No,No,No,No,No,No,No,No,No,No,No,,,,,,,,,,,
United Kingdom of Great Britain and Northern Ireland,Yes,No,No,No,No,No,No,No,No,No,No,No,No,No,No,No,No,No,No,,,,,,,,,,,
United Kingdom of Great Britain and Northern Ireland,,,,,,,,,,,,,,,,,,,,,,,,,,,,,,
United Kingdom of Great Britain and Northern Ireland,No,No,No,Yes,No,No,No,No,No,No,No,No,No,No,No,No,No,No,No,,,,,,,,,,,
United Kingdom of Great Britain and Northern Ireland,No,No,No,No,No,No,No,No,Yes,No,No,No,No,No,No,No,No,No,No,,,,,,,,,,,
United Kingdom of Great Britain and Northern Ireland,Yes,No,No,No,No,No,No,No,No,No,No,No,No,No,No,No,No,No,No,,,,,,,,,,,
United Kingdom of Great Britain and Northern Ireland,Yes,No,No,No,No,No,No,No,No,No,No,No,No,No,No,No,No,No,No,,,,,,,,,,,
United Kingdom of Great Britain and Northern Ireland,Yes,No,No,No,No,No,No,No,No,No,No,No,No,No,No,No,No,No,No,,,,,,,,,,,
United Kingdom of Great Britain and Northern Ireland,Yes,No,No,No,No,No,No,No,No,No,No,No,No,No,No,No,No,No,No,,,,,,,,,,,
United Kingdom of Great Britain and Northern Ireland,Yes,No,No,No,No,No,No,No,No,No,No,No,No,No,No,No,No,No,No,,,,,,,,,,,
United Kingdom of Great Britain and Northern Ireland,Yes,No,No,No,No,No,No,No,No,No,No,No,No,No,No,No,No,No,No,,,,,,,,,,,
United Kingdom of Great Britain and Northern Ireland,Yes,No,No,No,No,No,No,No,No,No,No,No,No,No,No,No,No,No,No,,,,,,,,,,,
United Kingdom of Great Britain and Northern Ireland,,,,,,,,,,,,,,,,,,,,,,,,,,,,,,
United Kingdom of Great Britain and Northern Ireland,No,No,No,Yes,No,No,No,No,No,No,No,No,No,No,No,No,No,No,No,,,,,,,,,,,
United Kingdom of Great Britain and Northern Ireland,Yes,No,No,No,No,No,No,No,No,No,No,No,No,No,No,No,No,No,No,,,,,,,,,,,
United Kingdom of Great Britain and Northern Ireland,Yes,No,No,Yes,No,No,No,No,No,No,No,No,No,No,No,No,No,No,No,,,,,,,,,,,
United Kingdom of Great Britain and Northern Ireland,No,No,No,Yes,No,No,No,No,No,No,No,No,No,No,No,No,No,No,No,,,,,,,,,,,
United Kingdom of Great Britain and Northern Ireland,,,,,,,,,,,,,,,,,,,,,,,,,,,,,,
United Kingdom of Great Britain and Northern Ireland,No,No,No,No,No,No,No,No,No,No,Yes,No,No,No,No,No,No,No,No,,,,,,,,,,,
United Kingdom of Great Britain and Northern Ireland,No,No,No,Yes,No,No,No,No,No,No,No,No,No,No,No,No,No,No,No,,,,,,,,,,,
United Kingdom of Great Britain and Northern Ireland,Yes,No,No,No,No,No,No,No,No,No,No,No,No,No,No,No,No,No,No,,,,,,,,,,,
United Kingdom of Great Britain and Northern Ireland,No,Yes,No,No,No,No,No,No,No,No,No,No,No,No,No,No,No,No,No,,,,,,,,,,,
United Kingdom of Great Britain and Northern Ireland,Yes,No,No,No,No,No,No,No,No,No,No,No,No,No,No,No,No,No,No,,,,,,,,,,,
United Kingdom of Great Britain and Northern Ireland,Yes,No,No,No,No,No,No,No,No,No,No,No,No,No,No,No,No,No,No,,,,,,,,,,,
United Kingdom of Great Britain and Northern Ireland,No,No,No,Yes,No,No,No,No,No,No,No,No,No,No,No,No,No,No,No,,,,,,,,,,,
United Kingdom of Great Britain and Northern Ireland,Yes,No,No,No,No,No,No,No,No,No,No,No,No,No,No,No,No,No,No,,,,,,,,,,,
United Kingdom of Great Britain and Northern Ireland,No,Yes,No,No,No,No,No,No,No,No,No,No,No,No,No,No,No,No,No,,,,,,,,,,,
United Kingdom of Great Britain and Northern Ireland,Yes,No,No,No,No,No,No,No,No,No,No,No,No,No,No,No,No,No,No,,,,,,,,,,,
United Kingdom of Great Britain and Northern Ireland,No,No,No,Yes,No,No,No,No,No,No,No,No,No,No,No,No,No,No,No,,,,,,,,,,,
United Kingdom of Great Britain and Northern Ireland,No,No,No,Yes,No,No,No,No,No,No,No,No,No,No,No,No,No,No,No,,,,,,,,,,,
United Kingdom of Great Britain and Northern Ireland,Yes,No,No,No,No,No,No,No,No,No,No,No,No,No,No,No,No,No,No,,,,,,,,,,,
United Kingdom of Great Britain and Northern Ireland,Yes,No,No,No,No,No,No,No,No,No,No,No,No,No,No,No,No,No,No,,,,,,,,,,,
United Kingdom of Great Britain and Northern Ireland,Yes,No,No,No,No,No,No,No,No,No,No,No,No,No,No,No,No,No,No,,,,,,,,,,,
United Kingdom of Great Britain and Northern Ireland,Yes,No,No,No,No,No,No,No,No,No,No,No,No,No,No,No,No,No,No,,,,,,,,,,,
United Kingdom of Great Britain and Northern Ireland,Yes,No,No,No,No,No,No,No,No,No,No,No,No,No,No,No,No,No,No,,,,,,,,,,,
United Kingdom of Great Britain and Northern Ireland,No,No,No,Yes,No,No,No,No,No,No,No,No,No,No,No,No,No,No,No,,,,,,,,,,,
United Kingdom of Great Britain and Northern Ireland,Yes,No,No,No,No,No,No,No,No,No,No,No,No,No,No,No,No,No,No,,,,,,,,,,,
United Kingdom of Great Britain and Northern Ireland,Yes,No,No,No,No,No,No,No,No,No,No,No,No,No,No,No,No,No,No,,,,,,,,,,,
United Kingdom of Great Britain and Northern Ireland,Yes,No,No,No,No,No,No,No,No,No,No,No,No,No,No,No,No,No,No,,,,,,,,,,,
United Kingdom of Great Britain and Northern Ireland,,,,,,,,,,,,,,,,,,,,,,,,,,,,,,
United Kingdom of Great Britain and Northern Ireland,No,No,No,Yes,No,No,No,No,No,No,No,No,No,No,No,No,No,No,No,,,,,,,,,,,
United Kingdom of Great Britain and Northern Ireland,No,No,No,Yes,No,No,No,No,No,No,No,No,No,No,No,No,No,No,No,,,,,,,,,,,
United Kingdom of Great Britain and Northern Ireland,No,No,No,Yes,No,No,No,No,No,No,No,No,No,No,No,No,No,No,No,,,,,,,,,,,
United Kingdom of Great Britain and Northern Ireland,No,No,No,No,No,No,No,No,No,No,No,No,No,No,No,No,Yes,No,No,,,,,,,,,,,
United Kingdom of Great Britain and Northern Ireland,Yes,No,No,No,No,No,No,No,No,No,No,No,No,No,No,No,No,No,No,,,,,,,,,,,
United Kingdom of Great Britain and Northern Ireland,Yes,No,No,No,No,No,No,No,No,No,No,No,No,No,No,No,No,No,No,,,,,,,,,,,
United Kingdom of Great Britain and Northern Ireland,Yes,No,No,No,No,No,No,No,No,No,No,No,No,No,No,No,No,No,No,,,,,,,,,,,
United Kingdom of Great Britain and Northern Ireland,,,,,,,,,,,,,,,,,,,,,,,,,,,,,,
United Kingdom of Great Britain and Northern Ireland,,,,,,,,,,,,,,,,,,,,,,,,,,,,,,
United Kingdom of Great Britain and Northern Ireland,No,No,No,No,No,No,No,No,No,No,No,No,No,No,No,No,No,No,Yes,,,,,,,,,,,
United Kingdom of Great Britain and Northern Ireland,,,,,,,,,,,,,,,,,,,,,,,,,,,,,,
United Kingdom of Great Britain and Northern Ireland,No,No,No,No,No,No,No,Yes,No,No,No,No,No,No,No,No,No,No,No,,,,,,,,,,,
United Kingdom of Great Britain and Northern Ireland,No,No,No,Yes,No,No,No,No,No,No,No,No,No,No,No,No,No,No,No,,,,,,,,,,,
United Kingdom of Great Britain and Northern Ireland,Yes,No,No,No,No,No,No,No,No,No,No,No,No,No,No,No,No,No,No,,,,,,,,,,,
United Kingdom of Great Britain and Northern Ireland,,,,,,,,,,,,,,,,,,,,,,,,,,,,,,
United Kingdom of Great Britain and Northern Ireland,Yes,No,No,No,No,No,No,No,No,No,No,No,No,No,No,No,No,No,No,,,,,,,,,,,
United Kingdom of Great Britain and Northern Ireland,Yes,No,No,No,No,No,No,No,No,No,No,No,No,No,No,No,No,No,No,,,,,,,,,,,
United Kingdom of Great Britain and Northern Ireland,Yes,No,No,No,No,No,No,No,No,No,No,No,No,No,No,No,No,No,No,,,,,,,,,,,
United Kingdom of Great Britain and Northern Ireland,Yes,No,No,No,No,No,No,No,No,No,No,No,No,No,No,No,No,No,No,,,,,,,,,,,
United Kingdom of Great Britain and Northern Ireland,No,No,No,Yes,No,No,No,No,No,No,No,No,No,No,No,No,No,No,No,,,,,,,,,,,
United Kingdom of Great Britain and Northern Ireland,No,No,No,Yes,No,No,No,No,No,No,No,No,No,No,No,No,No,No,No,,,,,,,,,,,
United Kingdom of Great Britain and Northern Ireland,No,No,No,Yes,No,No,No,No,No,No,No,No,No,No,No,No,No,No,No,,,,,,,,,,,
United Kingdom of Great Britain and Northern Ireland,Yes,No,No,No,No,No,No,No,No,No,No,No,No,No,No,No,No,No,No,,,,,,,,,,,
United Kingdom of Great Britain and Northern Ireland,Yes,No,No,No,No,No,No,No,No,No,No,No,No,No,No,No,No,No,No,,,,,,,,,,,
United Kingdom of Great Britain and Northern Ireland,Yes,No,No,No,No,No,No,No,No,No,No,No,No,No,No,No,No,No,No,,,,,,,,,,,
United Kingdom of Great Britain and Northern Ireland,Yes,No,No,No,No,No,No,No,No,No,No,No,No,No,No,No,No,No,No,,,,,,,,,,,
United Kingdom of Great Britain and Northern Ireland,Yes,No,No,No,No,No,No,No,No,No,No,No,No,No,No,No,No,No,No,,,,,,,,,,,
United Kingdom of Great Britain and Northern Ireland,No,No,No,No,No,No,No,No,Yes,No,No,No,No,No,No,No,No,No,No,,,,,,,,,,,
United Kingdom of Great Britain and Northern Ireland,No,No,No,Yes,No,No,No,No,No,No,No,No,No,No,No,No,No,No,No,,,,,,,,,,,
United Kingdom of Great Britain and Northern Ireland,No,No,No,Yes,No,No,No,No,No,No,No,No,No,No,No,No,No,No,No,,,,,,,,,,,
United Kingdom of Great Britain and Northern Ireland,Yes,No,No,No,No,No,No,No,No,No,No,No,No,No,No,No,No,No,No,,,,,,,,,,,
United Kingdom of Great Britain and Northern Ireland,Yes,No,No,No,No,No,No,No,No,No,No,No,No,No,No,No,No,No,No,,,,,,,,,,,
United Kingdom of Great Britain and Northern Ireland,Yes,No,No,No,No,No,No,No,No,No,No,No,No,No,No,No,No,No,No,,,,,,,,,,,
United Kingdom of Great Britain and Northern Ireland,,,,,,,,,,,,,,,,,,,,,,,,,,,,,,
United Kingdom of Great Britain and Northern Ireland,,,,,,,,,,,,,,,,,,,,,,,,,,,,,,
United Kingdom of Great Britain and Northern Ireland,Yes,No,No,No,No,No,No,No,No,No,No,No,No,No,No,No,No,No,No,,,,,,,,,,,
United Kingdom of Great Britain and Northern Ireland,No,No,No,No,No,No,No,Yes,No,No,No,No,No,No,No,No,No,No,No,,,,,,,,,,,
United Kingdom of Great Britain and Northern Ireland,Yes,No,No,No,No,No,No,No,No,No,No,No,No,No,No,No,No,No,No,,,,,,,,,,,
United Kingdom of Great Britain and Northern Ireland,Yes,No,No,No,No,No,No,No,No,No,No,No,No,No,No,No,No,No,No,,,,,,,,,,,
United Kingdom of Great Britain and Northern Ireland,Yes,No,No,No,No,No,No,No,No,No,No,No,No,No,No,No,No,No,No,,,,,,,,,,,
United Kingdom of Great Britain and Northern Ireland,No,No,No,Yes,No,No,No,No,No,No,No,No,No,No,No,No,No,No,No,,,,,,,,,,,
United Kingdom of Great Britain and Northern Ireland,Yes,No,No,No,No,No,No,No,No,No,No,No,No,No,No,No,No,No,No,,,,,,,,,,,
United Kingdom of Great Britain and Northern Ireland,No,No,No,Yes,No,No,No,No,No,No,No,No,No,No,No,No,No,No,No,,,,,,,,,,,
United Kingdom of Great Britain and Northern Ireland,Yes,No,No,No,No,No,No,No,No,No,No,No,No,No,No,No,No,No,No,,,,,,,,,,,
United Kingdom of Great Britain and Northern Ireland,No,No,No,No,No,No,No,No,No,No,No,No,No,No,No,No,No,No,No,,,,,,,,,,,
United Kingdom of Great Britain and Northern Ireland,,,,,,,,,,,,,,,,,,,,,,,,,,,,,,
United Kingdom of Great Britain and Northern Ireland,Yes,No,No,No,No,No,No,No,No,No,No,No,No,No,No,No,No,No,No,,,,,,,,,,,
United Kingdom of Great Britain and Northern Ireland,No,No,No,Yes,No,No,No,No,No,No,No,No,No,No,No,No,No,No,No,,,,,,,,,,,
United Kingdom of Great Britain and Northern Ireland,No,No,No,Yes,No,No,No,No,No,No,No,No,No,No,No,No,No,No,No,,,,,,,,,,,
United Kingdom of Great Britain and Northern Ireland,No,No,No,Yes,No,No,No,No,No,No,No,No,No,No,No,No,No,No,No,,,,,,,,,,,
United Kingdom of Great Britain and Northern Ireland,No,No,No,Yes,No,No,No,No,No,No,No,No,No,No,No,No,No,No,No,,,,,,,,,,,
United Kingdom of Great Britain and Northern Ireland,Yes,No,No,No,No,No,No,No,No,No,No,No,No,No,No,No,No,No,No,,,,,,,,,,,
United Kingdom of Great Britain and Northern Ireland,Yes,No,No,No,No,No,No,No,No,No,No,No,No,No,No,No,No,No,No,,,,,,,,,,,
United Kingdom of Great Britain and Northern Ireland,No,No,No,Yes,No,No,No,No,No,No,No,No,No,No,No,No,No,No,No,,,,,,,,,,,
United Kingdom of Great Britain and Northern Ireland,Yes,No,No,No,No,No,No,No,No,No,No,No,No,No,No,No,No,No,No,,,,,,,,,,,
United Kingdom of Great Britain and Northern Ireland,Yes,No,No,No,No,No,No,No,No,No,No,No,No,No,No,No,No,No,No,,,,,,,,,,,
United Kingdom of Great Britain and Northern Ireland,No,No,No,Yes,No,No,No,No,No,No,No,No,No,No,No,No,No,No,No,,,,,,,,,,,
United Kingdom of Great Britain and Northern Ireland,No,No,No,Yes,No,No,No,No,No,No,No,No,No,No,No,No,No,No,No,,,,,,,,,,,
United Kingdom of Great Britain and Northern Ireland,Yes,No,No,No,No,No,No,No,No,No,No,No,No,No,No,No,No,No,No,,,,,,,,,,,
United Kingdom of Great Britain and Northern Ireland,Yes,No,No,No,No,No,No,No,No,No,No,No,No,No,No,No,No,No,No,,,,,,,,,,,
United Kingdom of Great Britain and Northern Ireland,No,No,No,Yes,No,No,No,No,No,No,No,No,No,No,No,No,No,No,No,,,,,,,,,,,
United Kingdom of Great Britain and Northern Ireland,No,No,No,Yes,No,No,No,No,No,No,No,No,No,No,No,No,No,No,No,,,,,,,,,,,
United Kingdom of Great Britain and Northern Ireland,No,No,No,Yes,No,No,No,No,No,No,No,No,No,No,No,No,No,No,No,,,,,,,,,,,
United Kingdom of Great Britain and Northern Ireland,No,No,No,No,No,No,No,No,No,No,No,No,No,No,No,No,No,No,No,,,,,,,,,,,
United Kingdom of Great Britain and Northern Ireland,Yes,No,No,No,No,No,No,No,No,No,No,No,No,No,No,No,No,No,No,,,,,,,,,,,
United Kingdom of Great Britain and Northern Ireland,,,,,,,,,,,,,,,,,,,,,,,,,,,,,,
United Kingdom of Great Britain and Northern Ireland,Yes,No,No,No,No,No,No,No,No,No,No,No,No,No,No,No,No,No,No,,,,,,,,,,,
United Kingdom of Great Britain and Northern Ireland,Yes,No,No,No,No,No,No,No,No,No,No,No,No,No,No,No,No,No,No,,,,,,,,,,,
United Kingdom of Great Britain and Northern Ireland,Yes,No,No,No,No,No,No,No,No,No,No,No,No,No,No,No,No,No,No,,,,,,,,,,,
United Kingdom of Great Britain and Northern Ireland,No,No,No,No,No,No,No,No,No,No,No,No,No,No,No,No,No,No,Yes,,,,,,,,,,,
United Kingdom of Great Britain and Northern Ireland,Yes,No,No,No,No,No,No,No,No,No,No,No,No,No,No,No,No,No,No,,,,,,,,,,,
United Kingdom of Great Britain and Northern Ireland,Yes,No,No,No,No,No,No,No,No,No,No,No,No,No,No,No,No,No,No,,,,,,,,,,,
United Kingdom of Great Britain and Northern Ireland,,,,,,,,,,,,,,,,,,,,,,,,,,,,,,
United Kingdom of Great Britain and Northern Ireland,,,,,,,,,,,,,,,,,,,,,,,,,,,,,,
United Kingdom of Great Britain and Northern Ireland,Yes,No,No,No,No,No,No,No,No,No,No,No,No,No,No,No,No,No,No,,,,,,,,,,,
United Kingdom of Great Britain and Northern Ireland,No,No,No,No,No,No,No,No,No,No,No,No,No,No,No,No,No,No,Yes,,,,,,,,,,,
United Kingdom of Great Britain and Northern Ireland,Yes,No,No,No,No,No,No,No,No,No,No,No,No,No,No,No,No,No,No,,,,,,,,,,,
United Kingdom of Great Britain and Northern Ireland,Yes,No,No,No,No,No,No,No,No,No,No,No,No,No,No,No,No,No,No,,,,,,,,,,,
United Kingdom of Great Britain and Northern Ireland,Yes,No,No,No,No,No,No,No,No,No,No,No,No,No,No,No,No,No,No,,,,,,,,,,,
United Kingdom of Great Britain and Northern Ireland,Yes,No,No,No,No,No,No,No,No,No,No,No,No,No,No,No,No,No,No,,,,,,,,,,,
United Kingdom of Great Britain and Northern Ireland,Yes,No,No,No,No,No,No,No,No,No,No,No,No,No,No,No,No,No,No,,,,,,,,,,,
United Kingdom of Great Britain and Northern Ireland,Yes,No,No,No,No,No,No,No,No,No,No,No,No,No,No,No,No,No,No,,,,,,,,,,,
United Kingdom of Great Britain and Northern Ireland,No,No,No,Yes,No,No,No,No,No,No,No,No,No,No,No,No,No,No,No,,,,,,,,,,,
United Kingdom of Great Britain and Northern Ireland,Yes,No,No,No,No,No,No,No,No,No,No,No,No,No,No,No,No,No,No,,,,,,,,,,,
United Kingdom of Great Britain and Northern Ireland,No,No,No,Yes,No,No,No,No,No,No,No,No,No,No,No,No,No,No,No,,,,,,,,,,,
United Kingdom of Great Britain and Northern Ireland,Yes,No,No,No,No,No,No,No,No,No,No,No,No,No,No,No,No,No,No,,,,,,,,,,,
United Kingdom of Great Britain and Northern Ireland,Yes,No,No,No,No,No,No,No,No,No,No,No,No,No,No,No,No,No,No,,,,,,,,,,,
United Kingdom of Great Britain and Northern Ireland,Yes,No,No,No,No,No,No,No,No,No,No,No,No,No,No,No,No,No,No,,,,,,,,,,,
United Kingdom of Great Britain and Northern Ireland,No,No,No,Yes,No,No,No,No,No,No,No,No,No,No,No,No,No,No,No,,,,,,,,,,,
United Kingdom of Great Britain and Northern Ireland,Yes,No,No,No,No,No,No,No,No,No,No,No,No,No,No,No,No,No,No,,,,,,,,,,,
United Kingdom of Great Britain and Northern Ireland,Yes,No,No,No,No,No,No,No,No,No,No,No,No,No,No,No,No,No,No,,,,,,,,,,,
United Kingdom of Great Britain and Northern Ireland,Yes,No,No,No,No,No,No,No,No,No,No,No,No,No,No,No,No,No,No,,,,,,,,,,,
United Kingdom of Great Britain and Northern Ireland,Yes,No,No,No,No,No,No,No,No,No,No,No,No,No,No,No,No,No,No,,,,,,,,,,,
United Kingdom of Great Britain and Northern Ireland,No,No,No,Yes,No,No,No,No,No,No,No,No,No,No,No,No,No,No,No,,,,,,,,,,,
United Kingdom of Great Britain and Northern Ireland,Yes,No,No,No,No,No,No,No,No,No,No,No,No,No,No,No,No,No,No,,,,,,,,,,,
United Kingdom of Great Britain and Northern Ireland,Yes,No,No,No,No,No,No,No,No,No,No,No,No,No,No,No,No,No,No,,,,,,,,,,,
United Kingdom of Great Britain and Northern Ireland,Yes,No,No,No,No,No,No,No,No,No,No,No,No,No,No,No,No,No,No,,,,,,,,,,,
United Kingdom of Great Britain and Northern Ireland,,,,,,,,,,,,,,,,,,,,,,,,,,,,,,
United Kingdom of Great Britain and Northern Ireland,Yes,No,No,No,No,No,No,No,No,No,No,No,No,No,No,No,No,No,No,,,,,,,,,,,
United Kingdom of Great Britain and Northern Ireland,,,,,,,,,,,,,,,,,,,,,,,,,,,,,,
United Kingdom of Great Britain and Northern Ireland,Yes,No,No,No,No,No,No,No,No,No,No,No,No,No,No,No,No,No,No,,,,,,,,,,,
United Kingdom of Great Britain and Northern Ireland,,,,,,,,,,,,,,,,,,,,,,,,,,,,,,
United Kingdom of Great Britain and Northern Ireland,No,No,No,Yes,No,No,No,No,No,No,No,No,No,No,No,No,No,No,No,,,,,,,,,,,
United Kingdom of Great Britain and Northern Ireland,Yes,No,No,No,No,No,No,No,No,No,No,No,No,No,No,No,No,No,No,,,,,,,,,,,
United Kingdom of Great Britain and Northern Ireland,No,No,No,Yes,No,No,No,No,No,No,No,No,No,No,No,No,No,No,No,,,,,,,,,,,
United Kingdom of Great Britain and Northern Ireland,No,Yes,No,No,No,No,No,No,No,No,No,No,No,No,No,No,No,No,No,,,,,,,,,,,
United Kingdom of Great Britain and Northern Ireland,Yes,No,No,No,No,No,No,No,No,No,No,No,No,No,No,No,No,No,No,,,,,,,,,,,
United Kingdom of Great Britain and Northern Ireland,Yes,No,No,No,No,No,No,No,No,No,No,No,No,No,No,No,No,No,No,,,,,,,,,,,
United Kingdom of Great Britain and Northern Ireland,No,No,No,Yes,No,No,No,No,No,No,No,No,No,No,No,No,No,No,No,,,,,,,,,,,
United Kingdom of Great Britain and Northern Ireland,No,No,No,Yes,No,No,No,No,No,No,No,No,No,No,No,No,No,No,No,,,,,,,,,,,
United Kingdom of Great Britain and Northern Ireland,No,No,No,Yes,No,No,No,No,No,No,No,No,No,No,No,No,No,No,No,,,,,,,,,,,
United Kingdom of Great Britain and Northern Ireland,,,,,,,,,,,,,,,,,,,,,,,,,,,,,,
United Kingdom of Great Britain and Northern Ireland,Yes,No,No,No,No,No,No,No,No,No,No,No,No,No,No,No,No,No,No,,,,,,,,,,,
United Kingdom of Great Britain and Northern Ireland,Yes,No,No,No,No,No,No,No,No,No,No,No,No,No,No,No,No,No,No,,,,,,,,,,,
United Kingdom of Great Britain and Northern Ireland,No,No,No,No,No,No,No,No,No,No,No,No,No,No,No,No,No,No,No,,,,,,,,,,,
United Kingdom of Great Britain and Northern Ireland,No,No,No,Yes,No,No,No,No,No,No,No,No,No,No,No,No,No,No,No,,,,,,,,,,,
United Kingdom of Great Britain and Northern Ireland,No,No,No,No,No,No,No,Yes,No,No,No,No,No,No,No,No,No,No,No,,,,,,,,,,,
United Kingdom of Great Britain and Northern Ireland,,,,,,,,,,,,,,,,,,,,,,,,,,,,,,
United Kingdom of Great Britain and Northern Ireland,,,,,,,,,,,,,,,,,,,,,,,,,,,,,,
United Kingdom of Great Britain and Northern Ireland,No,No,No,Yes,No,No,No,No,No,No,No,No,No,No,No,No,No,No,No,,,,,,,,,,,
United Kingdom of Great Britain and Northern Ireland,No,Yes,No,No,No,No,No,No,No,No,No,No,No,No,No,No,No,No,No,,,,,,,,,,,
United Kingdom of Great Britain and Northern Ireland,,,,,,,,,,,,,,,,,,,,,,,,,,,,,,
United Kingdom of Great Britain and Northern Ireland,No,No,No,No,No,No,No,No,No,No,No,No,No,No,No,No,No,No,No,,,,,,,,,,,
United Kingdom of Great Britain and Northern Ireland,Yes,No,No,No,No,No,No,No,No,No,No,No,No,No,No,No,No,No,No,,,,,,,,,,,
United Kingdom of Great Britain and Northern Ireland,Yes,No,No,No,No,No,No,No,No,No,No,No,No,No,No,No,No,No,No,,,,,,,,,,,
United Kingdom of Great Britain and Northern Ireland,Yes,No,No,No,No,No,No,No,No,No,No,No,No,No,No,No,No,No,No,,,,,,,,,,,
United Kingdom of Great Britain and Northern Ireland,,,,,,,,,,,,,,,,,,,,,,,,,,,,,,
United Kingdom of Great Britain and Northern Ireland,Yes,No,No,No,No,No,No,No,No,No,No,No,No,No,No,No,No,No,No,,,,,,,,,,,
United Kingdom of Great Britain and Northern Ireland,Yes,No,No,No,No,No,No,No,No,No,No,No,No,No,No,No,No,No,No,,,,,,,,,,,
United Kingdom of Great Britain and Northern Ireland,Yes,No,No,No,No,No,No,No,No,No,No,No,No,No,No,No,No,No,No,,,,,,,,,,,
United Kingdom of Great Britain and Northern Ireland,Yes,No,No,No,No,No,No,No,No,No,No,No,No,No,No,No,No,No,No,,,,,,,,,,,
United Kingdom of Great Britain and Northern Ireland,No,No,No,Yes,No,No,No,No,No,No,No,No,No,No,No,No,No,No,No,,,,,,,,,,,
United Kingdom of Great Britain and Northern Ireland,Yes,No,No,No,No,No,No,No,No,No,No,No,No,No,No,No,No,No,No,,,,,,,,,,,
United Kingdom of Great Britain and Northern Ireland,,,,,,,,,,,,,,,,,,,,,,,,,,,,,,
United Kingdom of Great Britain and Northern Ireland,Yes,No,No,No,No,No,No,No,No,No,No,No,No,No,No,No,No,No,No,,,,,,,,,,,
United Kingdom of Great Britain and Northern Ireland,No,No,No,Yes,No,No,No,No,No,No,No,No,No,No,No,No,No,No,No,,,,,,,,,,,
United Kingdom of Great Britain and Northern Ireland,Yes,No,No,No,No,No,No,No,No,No,No,No,No,No,No,No,No,No,No,,,,,,,,,,,
United Kingdom of Great Britain and Northern Ireland,Yes,No,No,No,No,No,Yes,No,No,No,No,No,No,No,No,No,No,No,No,,,,,,,,,,,
United Kingdom of Great Britain and Northern Ireland,Yes,No,No,No,No,No,No,No,No,No,No,No,No,No,No,No,No,No,No,,,,,,,,,,,
United Kingdom of Great Britain and Northern Ireland,Yes,No,No,No,No,No,No,No,No,No,No,No,No,No,No,No,No,No,No,,,,,,,,,,,
United Kingdom of Great Britain and Northern Ireland,Yes,No,No,No,No,No,No,No,No,No,No,No,No,No,No,No,No,No,No,,,,,,,,,,,
United Kingdom of Great Britain and Northern Ireland,No,No,No,Yes,No,No,No,No,No,No,No,No,No,No,No,No,No,No,No,,,,,,,,,,,
United Kingdom of Great Britain and Northern Ireland,No,No,No,Yes,No,No,No,No,No,No,No,No,No,No,No,No,No,No,No,,,,,,,,,,,
United Kingdom of Great Britain and Northern Ireland,Yes,No,No,No,No,No,No,No,No,No,No,No,No,No,No,No,No,No,No,,,,,,,,,,,
United Kingdom of Great Britain and Northern Ireland,Yes,No,No,No,No,No,No,No,No,No,No,No,No,No,No,No,No,No,No,,,,,,,,,,,
United Kingdom of Great Britain and Northern Ireland,No,No,No,No,No,No,No,No,No,No,No,No,No,No,No,No,No,No,No,,,,,,,,,,,
United Kingdom of Great Britain and Northern Ireland,Yes,No,No,No,No,No,No,No,No,No,No,No,No,No,No,No,No,No,No,,,,,,,,,,,
United Kingdom of Great Britain and Northern Ireland,Yes,No,No,No,No,No,No,No,No,No,No,No,No,No,No,No,No,No,No,,,,,,,,,,,
United Kingdom of Great Britain and Northern Ireland,,,,,,,,,,,,,,,,,,,,,,,,,,,,,,
United Kingdom of Great Britain and Northern Ireland,Yes,No,No,No,No,No,No,No,No,No,No,No,No,No,No,No,No,No,No,,,,,,,,,,,
United Kingdom of Great Britain and Northern Ireland,No,No,No,Yes,No,No,No,No,No,No,No,No,No,No,No,No,No,No,No,,,,,,,,,,,
United Kingdom of Great Britain and Northern Ireland,No,No,No,Yes,No,No,No,No,No,No,No,No,No,No,No,No,No,No,No,,,,,,,,,,,
United Kingdom of Great Britain and Northern Ireland,No,No,No,Yes,No,No,No,No,No,No,No,No,No,No,No,No,No,No,No,,,,,,,,,,,
United Kingdom of Great Britain and Northern Ireland,No,No,No,No,No,No,No,No,No,No,No,No,No,No,No,No,No,No,Yes,,,,,,,,,,,
United Kingdom of Great Britain and Northern Ireland,No,No,No,Yes,No,No,No,No,No,No,No,No,No,No,No,No,No,No,No,,,,,,,,,,,
United Kingdom of Great Britain and Northern Ireland,No,No,No,Yes,No,No,No,No,No,No,No,No,No,No,No,No,No,No,No,,,,,,,,,,,
United Kingdom of Great Britain and Northern Ireland,,,,,,,,,,,,,,,,,,,,,,,,,,,,,,
United Kingdom of Great Britain and Northern Ireland,No,No,No,No,No,No,No,No,No,No,No,No,No,No,No,No,No,No,Yes,,,,,,,,,,,
United Kingdom of Great Britain and Northern Ireland,Yes,No,No,No,No,No,No,No,No,No,No,No,No,No,No,No,No,No,No,,,,,,,,,,,
United Kingdom of Great Britain and Northern Ireland,Yes,No,No,No,No,No,No,No,No,No,No,No,No,No,No,No,No,No,No,,,,,,,,,,,
United Kingdom of Great Britain and Northern Ireland,No,Yes,No,No,No,No,No,No,No,No,No,No,No,No,No,No,No,No,No,,,,,,,,,,,
United Kingdom of Great Britain and Northern Ireland,No,No,No,Yes,No,No,No,No,No,No,No,No,No,No,No,No,No,No,No,,,,,,,,,,,
United Kingdom of Great Britain and Northern Ireland,Yes,No,No,No,No,No,No,No,No,No,No,No,No,No,No,No,No,No,No,,,,,,,,,,,
United Kingdom of Great Britain and Northern Ireland,,,,,,,,,,,,,,,,,,,,,,,,,,,,,,
United Kingdom of Great Britain and Northern Ireland,Yes,No,No,No,No,No,No,No,No,No,No,No,No,No,No,No,No,No,No,,,,,,,,,,,
United Kingdom of Great Britain and Northern Ireland,No,No,No,Yes,No,No,No,No,No,No,No,No,No,No,No,No,No,No,No,,,,,,,,,,,
United Kingdom of Great Britain and Northern Ireland,No,No,No,No,No,No,No,No,No,No,No,No,No,No,No,No,No,No,Yes,,,,,,,,,,,
United Kingdom of Great Britain and Northern Ireland,Yes,No,No,No,No,No,No,No,No,No,No,No,No,No,No,No,No,No,No,,,,,,,,,,,
United Kingdom of Great Britain and Northern Ireland,No,No,No,No,No,No,No,No,No,No,No,No,No,No,No,No,No,No,Yes,,,,,,,,,,,
United States of America,,,,,,,,,,,,,,,,,,,,,Yes,No,No,No,No,No,No,No,,No
United States of America,,,,,,,,,,,,,,,,,,,,,Yes,No,No,No,No,No,No,No,,No
United States of America,,,,,,,,,,,,,,,,,,,,,Yes,No,No,No,No,No,No,No,,No
United States of America,,,,,,,,,,,,,,,,,,,,,Yes,No,No,No,No,No,No,No,,No
United States of America,,,,,,,,,,,,,,,,,,,,,Yes,No,No,No,No,No,No,No,,No
United States of America,,,,,,,,,,,,,,,,,,,,,Yes,No,No,No,No,No,No,No,,No
United States of America,,,,,,,,,,,,,,,,,,,,,,,,,,,,,,
United States of America,,,,,,,,,,,,,,,,,,,,,Yes,No,No,No,No,No,No,No,,No
United States of America,,,,,,,,,,,,,,,,,,,,,Yes,No,No,No,No,No,No,No,,No
United States of America,,,,,,,,,,,,,,,,,,,,,Yes,No,No,No,No,No,No,No,,No
United States of America,,,,,,,,,,,,,,,,,,,,,Yes,No,No,No,No,No,No,No,,No
United States of America,,,,,,,,,,,,,,,,,,,,,Yes,No,No,No,No,No,No,No,,No
United States of America,,,,,,,,,,,,,,,,,,,,,Yes,No,No,No,No,No,No,No,,No
United States of America,,,,,,,,,,,,,,,,,,,,,Yes,No,No,No,No,No,No,No,,No
United States of America,,,,,,,,,,,,,,,,,,,,,Yes,No,No,No,No,No,No,No,,No
United States of America,,,,,,,,,,,,,,,,,,,,,No,Yes,No,No,No,No,No,No,,No
United States of America,,,,,,,,,,,,,,,,,,,,,Yes,No,No,No,No,No,No,No,,No
United States of America,,,,,,,,,,,,,,,,,,,,,,,,,,,,,,
United States of America,,,,,,,,,,,,,,,,,,,,,Yes,No,No,No,No,No,No,No,,No
United States of America,,,,,,,,,,,,,,,,,,,,,Yes,No,No,No,No,No,No,No,,No
United States of America,,,,,,,,,,,,,,,,,,,,,Yes,No,No,No,No,No,No,No,,No
United States of America,,,,,,,,,,,,,,,,,,,,,Yes,No,No,No,No,No,No,No,,No
United States of America,,,,,,,,,,,,,,,,,,,,,Yes,No,No,No,No,No,No,No,,No
United States of America,,,,,,,,,,,,,,,,,,,,,Yes,No,No,No,No,No,No,No,,No
United States of America,,,,,,,,,,,,,,,,,,,,,No,No,Yes,No,No,No,No,No,,No
United States of America,,,,,,,,,,,,,,,,,,,,,No,No,No,No,No,No,Yes,No,,Do not wish to answer
United States of America,,,,,,,,,,,,,,,,,,,,,Yes,No,No,No,No,No,No,No,,No
United States of America,,,,,,,,,,,,,,,,,,,,,Yes,No,No,No,No,No,No,No,,No
United States of America,,,,,,,,,,,,,,,,,,,,,Yes,No,No,No,No,No,No,No,,No
United States of America,,,,,,,,,,,,,,,,,,,,,Yes,No,No,No,No,No,No,No,,Yes
United States of America,,,,,,,,,,,,,,,,,,,,,No,No,Yes,No,No,No,No,No,,No
United States of America,,,,,,,,,,,,,,,,,,,,,Yes,No,No,No,No,No,No,No,,No
United States of America,,,,,,,,,,,,,,,,,,,,,Yes,No,No,No,No,No,No,No,,No
United States of America,,,,,,,,,,,,,,,,,,,,,,,,,,,,,,
United States of America,,,,,,,,,,,,,,,,,,,,,Yes,No,No,No,No,No,No,No,,No
United States of America,,,,,,,,,,,,,,,,,,,,,Yes,No,No,No,No,No,No,No,,No
United States of America,,,,,,,,,,,,,,,,,,,,,Yes,No,No,No,No,No,No,No,,No
United States of America,,,,,,,,,,,,,,,,,,,,,No,No,No,Yes,No,No,No,No,,Yes
United States of America,,,,,,,,,,,,,,,,,,,,,No,No,No,No,No,Yes,No,No,,Yes
United States of America,,,,,,,,,,,,,,,,,,,,,Yes,No,No,No,No,No,No,No,,No
United States of America,,,,,,,,,,,,,,,,,,,,,Yes,No,No,No,No,No,No,No,,Yes
United States of America,,,,,,,,,,,,,,,,,,,,,No,No,No,No,No,No,No,No,,
United States of America,,,,,,,,,,,,,,,,,,,,,,,,,,,,,,
United States of America,,,,,,,,,,,,,,,,,,,,,Yes,No,No,No,No,No,No,No,,No
United States of America,,,,,,,,,,,,,,,,,,,,,Yes,No,No,No,No,No,No,No,,No
United States of America,,,,,,,,,,,,,,,,,,,,,Yes,No,No,No,No,No,No,No,,Yes
United States of America,,,,,,,,,,,,,,,,,,,,,Yes,No,No,No,No,No,No,No,,No
United States of America,,,,,,,,,,,,,,,,,,,,,Yes,No,No,No,No,No,No,No,,No
United States of America,,,,,,,,,,,,,,,,,,,,,Yes,No,No,No,No,No,No,No,,No
United States of America,,,,,,,,,,,,,,,,,,,,,Yes,No,No,No,No,No,No,No,,No
United States of America,,,,,,,,,,,,,,,,,,,,,Yes,No,No,No,No,No,No,No,,No
United States of America,,,,,,,,,,,,,,,,,,,,,Yes,No,No,No,No,No,No,No,,No
United States of America,,,,,,,,,,,,,,,,,,,,,Yes,No,No,No,No,No,No,No,,No
United States of America,,,,,,,,,,,,,,,,,,,,,Yes,No,No,No,No,No,No,No,,No
United States of America,,,,,,,,,,,,,,,,,,,,,Yes,No,No,No,No,No,No,No,,No
United States of America,,,,,,,,,,,,,,,,,,,,,,,,,,,,,,
United States of America,,,,,,,,,,,,,,,,,,,,,Yes,No,No,No,No,No,No,No,,No
United States of America,,,,,,,,,,,,,,,,,,,,,No,No,No,No,No,No,Yes,No,,No
United States of America,,,,,,,,,,,,,,,,,,,,,No,No,No,No,No,No,No,No,,
United States of America,,,,,,,,,,,,,,,,,,,,,Yes,Yes,Yes,No,No,No,No,No,,No
United States of America,,,,,,,,,,,,,,,,,,,,,,,,,,,,,,
United States of America,,,,,,,,,,,,,,,,,,,,,Yes,No,No,No,No,No,No,No,,No
United States of America,,,,,,,,,,,,,,,,,,,,,Yes,No,No,No,No,No,No,No,,No
United States of America,,,,,,,,,,,,,,,,,,,,,No,No,No,No,No,No,Yes,No,,Do not wish to answer
United States of America,,,,,,,,,,,,,,,,,,,,,Yes,No,No,No,No,No,No,No,,No
United States of America,,,,,,,,,,,,,,,,,,,,,,,,,,,,,,
United States of America,,,,,,,,,,,,,,,,,,,,,Yes,No,No,No,No,No,No,No,,No
United States of America,,,,,,,,,,,,,,,,,,,,,Yes,No,No,No,No,No,No,No,,No
United States of America,,,,,,,,,,,,,,,,,,,,,Yes,No,No,No,No,No,No,No,,No
United States of America,,,,,,,,,,,,,,,,,,,,,Yes,No,No,No,No,No,No,No,,No
United States of America,,,,,,,,,,,,,,,,,,,,,,,,,,,,,,
United States of America,,,,,,,,,,,,,,,,,,,,,Yes,No,No,No,No,No,No,No,,No
United States of America,,,,,,,,,,,,,,,,,,,,,Yes,No,No,No,No,No,No,No,,No
United States of America,,,,,,,,,,,,,,,,,,,,,Yes,No,No,No,No,No,No,No,,No
United States of America,,,,,,,,,,,,,,,,,,,,,Yes,No,No,No,No,No,No,No,,No
United States of America,,,,,,,,,,,,,,,,,,,,,Yes,No,No,No,No,No,No,No,,No
United States of America,,,,,,,,,,,,,,,,,,,,,Yes,Yes,No,No,No,No,No,No,,
United States of America,,,,,,,,,,,,,,,,,,,,,Yes,No,No,No,No,No,No,No,,No
United States of America,,,,,,,,,,,,,,,,,,,,,Yes,No,No,No,No,No,No,No,,No
United States of America,,,,,,,,,,,,,,,,,,,,,No,No,No,No,No,No,Yes,No,,No
United States of America,,,,,,,,,,,,,,,,,,,,,No,No,No,No,No,No,No,No,Mixed White/Asian,No
United States of America,,,,,,,,,,,,,,,,,,,,,,,,,,,,,,
United States of America,,,,,,,,,,,,,,,,,,,,,Yes,No,No,No,No,No,No,No,,No
United States of America,,,,,,,,,,,,,,,,,,,,,Yes,No,No,No,No,No,No,No,,No
United States of America,,,,,,,,,,,,,,,,,,,,,Yes,No,No,No,No,No,No,No,,No
United States of America,,,,,,,,,,,,,,,,,,,,,Yes,No,No,No,No,No,No,No,,No
United States of America,,,,,,,,,,,,,,,,,,,,,Yes,No,No,No,No,No,No,No,,
United States of America,,,,,,,,,,,,,,,,,,,,,Yes,No,No,No,No,No,No,No,,No
United States of America,,,,,,,,,,,,,,,,,,,,,Yes,No,No,No,No,No,No,No,,No
United States of America,,,,,,,,,,,,,,,,,,,,,Yes,No,No,No,No,No,No,No,,No
United States of America,,,,,,,,,,,,,,,,,,,,,Yes,No,No,No,No,No,No,No,,No
United States of America,,,,,,,,,,,,,,,,,,,,,Yes,No,No,No,No,No,No,No,,No
United States of America,,,,,,,,,,,,,,,,,,,,,Yes,No,No,No,No,Yes,No,No,,Yes
United States of America,,,,,,,,,,,,,,,,,,,,,Yes,No,No,No,No,No,No,No,,No
United States of America,,,,,,,,,,,,,,,,,,,,,Yes,No,No,No,No,No,No,No,,No
United States of America,,,,,,,,,,,,,,,,,,,,,Yes,No,No,No,No,No,No,No,,No
United States of America,,,,,,,,,,,,,,,,,,,,,Yes,No,No,No,No,No,No,No,,No
United States of America,,,,,,,,,,,,,,,,,,,,,Yes,No,No,No,No,No,No,No,,No
United States of America,,,,,,,,,,,,,,,,,,,,,,,,,,,,,,
United States of America,,,,,,,,,,,,,,,,,,,,,Yes,No,No,No,No,No,No,No,,No
United States of America,,,,,,,,,,,,,,,,,,,,,Yes,No,No,No,No,No,No,No,,Do not wish to answer
United States of America,,,,,,,,,,,,,,,,,,,,,Yes,No,No,No,No,No,No,No,,No
United States of America,,,,,,,,,,,,,,,,,,,,,No,No,No,No,No,No,Yes,No,,Do not wish to answer
United States of America,,,,,,,,,,,,,,,,,,,,,No,No,Yes,No,No,No,No,No,,No
United States of America,,,,,,,,,,,,,,,,,,,,,No,No,Yes,No,No,No,No,No,,No
United States of America,,,,,,,,,,,,,,,,,,,,,,,,,,,,,,
United States of America,,,,,,,,,,,,,,,,,,,,,Yes,No,No,No,No,No,No,No,,No
United States of America,,,,,,,,,,,,,,,,,,,,,Yes,No,No,No,No,No,No,No,,No
United States of America,,,,,,,,,,,,,,,,,,,,,Yes,No,No,No,No,No,No,No,,No
United States of America,,,,,,,,,,,,,,,,,,,,,Yes,No,No,No,No,No,No,No,,No
United States of America,,,,,,,,,,,,,,,,,,,,,No,No,Yes,No,No,No,No,No,,No
United States of America,,,,,,,,,,,,,,,,,,,,,Yes,No,No,No,No,No,No,No,,No
United States of America,,,,,,,,,,,,,,,,,,,,,Yes,No,No,No,No,No,No,No,,No
United States of America,,,,,,,,,,,,,,,,,,,,,Yes,No,No,No,No,No,No,No,,No
United States of America,,,,,,,,,,,,,,,,,,,,,Yes,No,No,No,No,No,No,No,,No
United States of America,,,,,,,,,,,,,,,,,,,,,Yes,No,No,No,No,No,No,No,,No
United States of America,,,,,,,,,,,,,,,,,,,,,Yes,No,No,No,No,No,No,No,,No
United States of America,,,,,,,,,,,,,,,,,,,,,No,No,No,No,No,No,Yes,No,,
United States of America,,,,,,,,,,,,,,,,,,,,,Yes,No,No,No,No,No,No,No,,No
United States of America,,,,,,,,,,,,,,,,,,,,,Yes,No,No,No,No,No,No,No,,No
United States of America,,,,,,,,,,,,,,,,,,,,,Yes,No,No,No,No,No,No,No,,No
United States of America,,,,,,,,,,,,,,,,,,,,,Yes,No,No,No,No,No,No,No,,No
United States of America,,,,,,,,,,,,,,,,,,,,,Yes,No,No,No,No,No,No,No,,No
United States of America,,,,,,,,,,,,,,,,,,,,,Yes,No,No,No,No,No,No,No,,No
United States of America,,,,,,,,,,,,,,,,,,,,,Yes,No,No,No,No,No,No,No,,No
United States of America,,,,,,,,,,,,,,,,,,,,,Yes,No,No,No,No,No,No,No,,No
United States of America,,,,,,,,,,,,,,,,,,,,,Yes,No,No,No,No,No,No,No,,No
United States of America,,,,,,,,,,,,,,,,,,,,,Yes,No,No,No,No,No,No,No,,No
United States of America,,,,,,,,,,,,,,,,,,,,,No,No,No,No,No,No,Yes,No,,Do not wish to answer
United States of America,,,,,,,,,,,,,,,,,,,,,Yes,No,No,No,No,No,No,No,,No
United States of America,,,,,,,,,,,,,,,,,,,,,Yes,No,No,No,No,No,No,No,,No
United States of America,,,,,,,,,,,,,,,,,,,,,Yes,No,No,No,No,No,No,No,,No
United States of America,,,,,,,,,,,,,,,,,,,,,Yes,No,No,No,No,No,No,No,,No
United States of America,,,,,,,,,,,,,,,,,,,,,Yes,No,No,No,No,No,No,No,,No
United States of America,,,,,,,,,,,,,,,,,,,,,Yes,No,No,No,No,No,No,No,,No
United States of America,,,,,,,,,,,,,,,,,,,,,No,No,Yes,No,No,No,No,No,,No
United States of America,,,,,,,,,,,,,,,,,,,,,Yes,No,No,No,No,No,No,No,,No
United States of America,,,,,,,,,,,,,,,,,,,,,,,,,,,,,,
United States of America,,,,,,,,,,,,,,,,,,,,,Yes,No,No,No,No,No,No,No,,No
United States of America,,,,,,,,,,,,,,,,,,,,,Yes,No,No,No,No,No,No,No,,No
United States of America,,,,,,,,,,,,,,,,,,,,,No,No,No,No,No,Yes,No,No,,Yes
United States of America,,,,,,,,,,,,,,,,,,,,,Yes,No,No,No,No,No,No,No,,No
United States of America,,,,,,,,,,,,,,,,,,,,,Yes,No,No,No,No,No,No,No,,No
United States of America,,,,,,,,,,,,,,,,,,,,,Yes,No,No,No,No,No,No,No,,Yes
United States of America,,,,,,,,,,,,,,,,,,,,,Yes,No,No,No,No,No,No,No,,No
United States of America,,,,,,,,,,,,,,,,,,,,,No,No,No,No,No,No,No,No,H. sapiens sapiens,No
United States of America,,,,,,,,,,,,,,,,,,,,,Yes,No,No,No,No,No,No,No,,No
,,,,,,,,,,,,,,,,,,,,,,,,,,,,,,
